{
"type": "FeatureCollection",
"name": "countries",
"crs": { "type": "name", "properties": { "name": "urn:ogc:def:crs:ESRI::102016" } },
"features": [
{ "type": "Feature", "properties": { "fid": 1, "CODE_WUTS5": "W31221", "CODE_ISO3": "AFG", "NAME": "Afghanistan", "CODE_WUTS4": "W3122", "CODE_WUTS3": "W312", "CODE_WUTS2": "W31", "CODE_WUTS1": "W3", "CODE_WUT_1": "W" }, "geometry": { "type": "MultiPolygon", "coordinates": [ [ [ [ 5875653.199285000562668, -3241987.948277000337839 ], [ 5795086.793035000562668, -3097024.569370750337839 ], [ 5578809.937566250562668, -3150156.893589500337839 ], [ 5335653.199285000562668, -2921987.948277000337839 ], [ 5410462.769597500562668, -2800646.395542625337839 ], [ 5346895.875066250562668, -2431987.948277000337839 ], [ 5375653.199285000562668, -2341987.948277000337839 ], [ 5435653.199285000562668, -2221987.948277000337839 ], [ 5502813.843816250562668, -1993622.469761375337839 ], [ 5426578.492253750562668, -1887693.514683250337839 ], [ 5587972.535222500562668, -1857321.200230125337839 ], [ 5655653.199285000562668, -1541987.948277000337839 ], [ 5695653.199285000562668, -1541987.948277000337839 ], [ 5680575.074285000562668, -1904550.204136375337839 ], [ 5796129.273503750562668, -1941134.676792625337839 ], [ 6051178.101628750562668, -2337693.514683250337839 ], [ 6024195.679753750562668, -2638759.188511375337839 ], [ 6125272.339910000562668, -2704028.963902000337839 ], [ 5986034.058660000562668, -3092368.807652000337839 ], [ 5875653.199285000562668, -3241987.948277000337839 ] ] ] ] } },
{ "type": "Feature", "properties": { "fid": 2, "CODE_WUTS5": "W13421", "CODE_ISO3": "AGO", "NAME": "Angola", "CODE_WUTS4": "W1342", "CODE_WUTS3": "W134", "CODE_WUTS2": "W13", "CODE_WUTS1": "W1", "CODE_WUT_1": "W" }, "geometry": { "type": "MultiPolygon", "coordinates": [ [ [ [ 2328938.222684760577977, -10429503.254900338128209 ], [ 2370777.711003750562668, -10382676.424839500337839 ], [ 3020870.484441250562668, -10216284.823277 ], [ 3217301.148503750562668, -10368508.944370750337839 ], [ 3588172.730535000562668, -10271860.995152 ], [ 3656932.496160000562668, -10122046.542027 ], [ 3995565.308660000562668, -10052549.471714500337839 ], [ 4247850.464910000562668, -10401487.459995750337839 ], [ 4575653.199285000562668, -10241987.948277 ], [ 4642669.800847500562668, -10453889.803745750337839 ], [ 4297569.703191250562668, -10643562.655308250337839 ], [ 4421825.074285000562668, -10932695.956089500337839 ], [ 4755653.199285000562668, -10961987.948277 ], [ 2880933.961003750562668, -11573782.381870750337839 ], [ 2451389.954531373921782, -11641073.956438327208161 ], [ 2427500.485190697945654, -11511569.35764011926949 ], [ 2715759.791571714449674, -10904784.419948 ], [ 2328938.222684760577977, -10429503.254900338128209 ] ] ], [ [ [ 2230075.601298106834292, -10311248.408457605168223 ], [ 2248927.125066250562668, -10284141.268589500337839 ], [ 2355653.199285000562668, -10241987.948277 ], [ 2274424.026564294472337, -10364295.921726740896702 ], [ 2230075.601298106834292, -10311248.408457605168223 ] ] ] ] } },
{ "type": "Feature", "properties": { "fid": 3, "CODE_WUTS5": "W11221", "CODE_ISO3": "ALB", "NAME": "Albania", "CODE_WUTS4": "W1122", "CODE_WUTS3": "W112", "CODE_WUTS2": "W11", "CODE_WUTS1": "W1", "CODE_WUT_1": "W" }, "geometry": { "type": "MultiPolygon", "coordinates": [ [ [ [ 1761100.621775050414726, -5024092.633923032321036 ], [ 1766991.089910000562668, -4993928.866245750337839 ], [ 1875653.199285000562668, -5001987.948277000337839 ], [ 1899918.336003750562668, -5089121.737339500337839 ], [ 1975653.199285000562668, -5101987.948277000337839 ], [ 1935451.923956184182316, -5237267.829556248150766 ], [ 1761100.621775050414726, -5024092.633923032321036 ] ] ] ] } },
{ "type": "Feature", "properties": { "fid": 4, "CODE_WUTS5": "W12221", "CODE_ISO3": "ARE", "NAME": "United Arab Emirates", "CODE_WUTS4": "W1222", "CODE_WUTS3": "W122", "CODE_WUTS2": "W12", "CODE_WUTS1": "W1", "CODE_WUT_1": "W" }, "geometry": { "type": "MultiPolygon", "coordinates": [ [ [ [ 5927717.47304383572191, -3995990.937949960585684 ], [ 5957171.313842988573015, -3981350.026656191796064 ], [ 6005692.857298980467021, -4001705.935080569237471 ], [ 5997027.711003750562668, -4071057.772495750337839 ], [ 6155653.199285000562668, -4261987.948277000337839 ], [ 5931370.972722500562668, -4528194.002964500337839 ], [ 5823656.755414850078523, -4532462.799478961154819 ], [ 5964050.657604265958071, -4313977.282244302332401 ], [ 5927717.47304383572191, -3995990.937949960585684 ] ] ] ] } },
{ "type": "Feature", "properties": { "fid": 5, "CODE_WUTS5": "W22221", "CODE_ISO3": "ARG", "NAME": "Argentina", "CODE_WUTS4": "W2222", "CODE_WUTS3": "W222", "CODE_WUTS2": "W22", "CODE_WUTS1": "W2", "CODE_WUT_1": "W" }, "geometry": { "type": "MultiPolygon", "coordinates": [ [ [ [ -14828892.088800936937332, -6241987.948277000337839 ], [ -14909658.080011874437332, -6062854.647495750337839 ], [ -14974146.605402499437332, -5903867.831089500337839 ], [ -14947526.732355624437332, -5860298.495152000337839 ], [ -14829055.663019686937332, -5782625.155308250337839 ], [ -14776722.288996249437332, -5527114.901402000337839 ], [ -14974010.497004061937332, -4938460.116245750337839 ], [ -14976707.640558749437332, -4806316.561558250337839 ], [ -14876823.607355624437332, -4740830.721714500337839 ], [ -14954146.605402499437332, -4514924.959995750337839 ], [ -14917289.915949374437332, -4433806.795933250337839 ], [ -14839198.485285311937332, -4393577.303745750337839 ], [ -14691930.418879061937332, -4618198.885777000337839 ], [ -14154546.996027499437332, -4792188.143589500337839 ], [ -14160453.368097811937332, -4693972.811558250337839 ], [ -14009430.854888508096337, -4565290.38831570930779 ], [ -13801614.256769686937332, -4512918.124058250337839 ], [ -13570848.265558749437332, -4573386.874058250337839 ], [ -13496129.027277499437332, -4654028.963902000337839 ], [ -13311678.343683749437332, -4552490.877964500337839 ], [ -13236252.928644686937332, -4633894.686558250337839 ], [ -12887277.708918124437332, -4730518.221714500337839 ], [ -12696697.264582186937332, -4477688.631870750337839 ], [ -12147626.219660311937332, -4696863.436558250337839 ], [ -12065815.916925936937332, -4785159.334995750337839 ], [ -11828975.706965, -4681653.475620750337839 ], [ -11694728.270441561937332, -4852368.807652000337839 ], [ -11564346.800715, -4861987.948277000337839 ], [ -11359471.312433749437332, -5050447.420933250337839 ], [ -11255272.093683749437332, -5432913.241245750337839 ], [ -11095128.050715, -5633967.928745750337839 ], [ -11084346.800715, -5741987.948277000337839 ], [ -10957966.185480624437332, -6377254.061558250337839 ], [ -10821664.915949374437332, -6831089.510777000337839 ], [ -11094955.931574374437332, -6812202.792027000337839 ], [ -10772557.249933749437332, -7335730.624058250337839 ], [ -10559627.562433749437332, -7466106.600620750337839 ], [ -10444346.800715, -7441987.948277000337839 ], [ -10359943.724543124437332, -7590449.862339500337839 ], [ -10493195.677668124437332, -7674304.842808250337839 ], [ -10805834.837824374437332, -7433474.764683250337839 ], [ -11244346.800715, -7181987.948277000337839 ], [ -11328019.896418124437332, -7131245.760777000337839 ], [ -11421686.888605624437332, -7133157.381870750337839 ], [ -11686975.21694840118289, -7203389.419333050958812 ], [ -11730549.049100050702691, -7186900.692257176153362 ], [ -11790638.967187141999602, -7244296.30636690184474 ], [ -11711140.79209047742188, -7537187.747925782576203 ], [ -11781401.35486407764256, -7582728.034143777564168 ], [ -11781031.897180367261171, -7690456.155943986028433 ], [ -12049724.474007863551378, -7556081.93021759018302 ], [ -12662708.271712651476264, -6701320.182496902532876 ], [ -12844038.69776956550777, -6730675.194197859615088 ], [ -13184383.001905823126435, -6108555.903328072279692 ], [ -13312216.936502002179623, -6238548.949160593561828 ], [ -13637615.629343131557107, -6152311.291755804792047 ], [ -13913107.512564674019814, -5765320.767558096908033 ], [ -14028573.995396286249161, -5912051.592813793569803 ], [ -13933603.11634392850101, -6230806.329678202047944 ], [ -14021835.579944582656026, -6179310.388976185582578 ], [ -14612787.202342318370938, -5549161.363183013163507 ], [ -14735674.390637708827853, -5888983.852617844007909 ], [ -14626832.689461056143045, -6533299.565949578769505 ], [ -14663229.013109002262354, -6551386.444203274324536 ], [ -14828892.088800936937332, -6241987.948277000337839 ] ] ] ] } },
{ "type": "Feature", "properties": { "fid": 6, "CODE_WUTS5": "W11231", "CODE_ISO3": "ARM", "NAME": "Armenia", "CODE_WUTS4": "W1123", "CODE_WUTS3": "W112", "CODE_WUTS2": "W11", "CODE_WUTS1": "W1", "CODE_WUT_1": "W" }, "geometry": { "type": "MultiPolygon", "coordinates": [ [ [ [ 3755653.199285000562668, -3961987.948277000337839 ], [ 3835653.199285000562668, -3841987.948277000337839 ], [ 3980724.000066250562668, -3877037.997105125337839 ], [ 3975653.199285000562668, -3961987.948277000337839 ], [ 3955653.199285000562668, -3961987.948277000337839 ], [ 3845645.875066250562668, -4013150.057652000337839 ], [ 3755653.199285000562668, -3961987.948277000337839 ] ] ] ] } },
{ "type": "Feature", "properties": { "fid": 7, "CODE_WUTS5": "W32310", "CODE_ISO3": "AUS", "NAME": "Australia", "CODE_WUTS4": "W3231", "CODE_WUTS3": "W323", "CODE_WUTS2": "W32", "CODE_WUTS1": "W3", "CODE_WUT_1": "W" }, "geometry": { "type": "MultiPolygon", "coordinates": [ [ [ [ 7687580.136622219346464, 12410176.509938612580299 ], [ 7726414.507623449899256, 12467862.045541424304247 ], [ 7839135.904174834489822, 12503834.254508776590228 ], [ 7983166.053803954273462, 12436504.085060989484191 ], [ 7983548.288464070297778, 12436428.053859850391746 ], [ 8278894.119970798492432, 12252743.888124916702509 ], [ 8382499.411381473764777, 11935315.99615615606308 ], [ 7737286.669816136360168, 12319607.034362640231848 ], [ 7687580.136622219346464, 12410176.509938612580299 ] ] ], [ [ [ 8187152.231466268189251, 11588026.766335919499397 ], [ 8480993.376222614198923, 11486999.139792155474424 ], [ 8843387.001821892336011, 11144314.908683517947793 ], [ 9087012.308598751202226, 10809267.967291690409184 ], [ 9042629.406015375629067, 10663236.002467580139637 ], [ 9130009.858235342428088, 10051572.836927801370621 ], [ 9647936.373280540108681, 9933648.240640269592404 ], [ 9784382.247740345075727, 9370186.820607721805573 ], [ 10956282.735703399404883, 7967872.935084716416895 ], [ 11442086.532433921471238, 7583106.531543398275971 ], [ 12395706.765952059999108, 6186165.17805905546993 ], [ 12418258.893142653629184, 6044588.315197532996535 ], [ 12309780.255016192793846, 5925526.395302636548877 ], [ 12183472.02093319222331, 5890924.95752808265388 ], [ 11803357.031819364055991, 5116031.592321557924151 ], [ 11742675.373398719355464, 5153230.195461596362293 ], [ 11638191.259437385946512, 5070476.598743968643248 ], [ 11348241.629548933357, 5076891.467126864939928 ], [ 11346050.360785037279129, 5155799.050059786066413 ], [ 10488707.82278529368341, 6265496.536512392573059 ], [ 9954951.019293772056699, 6433328.170083079487085 ], [ 9221492.068589225411415, 6926163.003680831752717 ], [ 9025829.227314548566937, 7398692.015014803037047 ], [ 8600641.498760543763638, 7338871.094464862719178 ], [ 8269832.56581362336874, 7607409.942338540218771 ], [ 7822096.046203804202378, 8254500.569643691182137 ], [ 7959921.344397969543934, 8233165.511610199697316 ], [ 8177030.206823379732668, 8339914.220227234996855 ], [ 7680633.901391273364425, 9199166.0623137075454 ], [ 7409570.62025797739625, 9261651.783261911943555 ], [ 6852170.500029128976166, 8853994.843154666945338 ], [ 6872608.059082894586027, 9367977.178885523229837 ], [ 6677237.418076162226498, 9578663.911130405962467 ], [ 6707487.276344177313149, 10111772.262631053104997 ], [ 6386603.12631116900593, 10459801.632350562140346 ], [ 6386331.93523218203336, 10460225.876520166173577 ], [ 6386325.541815811768174, 10460246.686787465587258 ], [ 6314151.600830349139869, 10772477.158767234534025 ], [ 6144956.682816895656288, 10882047.157444685697556 ], [ 6145155.502806825563312, 11014798.958753390237689 ], [ 5878041.9522750582546, 11405845.121535087004304 ], [ 5872899.530709176324308, 11759963.421020625159144 ], [ 6119067.550355242565274, 11971309.248107017949224 ], [ 7086394.712677538394928, 12221701.012226337566972 ], [ 7908848.633333399891853, 11896640.542943214997649 ], [ 8187152.231466268189251, 11588026.766335919499397 ] ] ] ] } },
{ "type": "Feature", "properties": { "fid": 8, "CODE_WUTS5": "W11121", "CODE_ISO3": "AUT", "NAME": "Austria", "CODE_WUTS4": "W1112", "CODE_WUTS3": "W111", "CODE_WUTS2": "W11", "CODE_WUTS1": "W1", "CODE_WUT_1": "W" }, "geometry": { "type": "MultiPolygon", "coordinates": [ [ [ [ 875653.199285000562668, -4741987.948277000337839 ], [ 822371.949285000562668, -4715269.198277000337839 ], [ 795653.199285000562668, -4661987.948277000337839 ], [ 853004.273503750562668, -4675276.522495750337839 ], [ 1046043.824285000562668, -4597525.057652000337839 ], [ 1065516.480535000562668, -4505249.667027000337839 ], [ 1095653.199285000562668, -4481987.948277000337839 ], [ 1195653.199285000562668, -4481987.948277000337839 ], [ 1195653.199285000562668, -4421987.948277000337839 ], [ 1335653.199285000562668, -4421987.948277000337839 ], [ 1355653.199285000562668, -4481987.948277000337839 ], [ 1341048.707097500562668, -4541448.397495750337839 ], [ 1350943.726628750562668, -4585584.139683250337839 ], [ 1335653.199285000562668, -4621987.948277000337839 ], [ 1312059.449285000562668, -4648394.198277000337839 ], [ 1135653.199285000562668, -4721987.948277000337839 ], [ 968910.035222500562668, -4693819.002964500337839 ], [ 875653.199285000562668, -4741987.948277000337839 ] ] ] ] } },
{ "type": "Feature", "properties": { "fid": 9, "CODE_WUTS5": "W11232", "CODE_ISO3": "AZE", "NAME": "Azerbaijan", "CODE_WUTS4": "W1123", "CODE_WUTS3": "W112", "CODE_WUTS2": "W11", "CODE_WUTS1": "W1", "CODE_WUT_1": "W" }, "geometry": { "type": "MultiPolygon", "coordinates": [ [ [ [ 4279487.391726191155612, -3797440.182583437301219 ], [ 4174351.929753750562668, -3784363.436558250337839 ], [ 4052515.992253750562668, -4010881.991245750337839 ], [ 3975653.199285000562668, -3961987.948277000337839 ], [ 3980724.000066250562668, -3877037.997105125337839 ], [ 3835653.199285000562668, -3841987.948277000337839 ], [ 3942140.015691250562668, -3756506.991245750337839 ], [ 3895653.199285000562668, -3701987.948277000337839 ], [ 4027484.253972500562668, -3653819.002964500337839 ], [ 4029875.809423231519759, -3574237.243551682680845 ], [ 4239826.295138940215111, -3542425.303918367717415 ], [ 4279487.391726191155612, -3797440.182583437301219 ] ] ] ] } },
{ "type": "Feature", "properties": { "fid": 10, "CODE_WUTS5": "W13211", "CODE_ISO3": "BDI", "NAME": "Burundi", "CODE_WUTS4": "W1321", "CODE_WUTS3": "W132", "CODE_WUTS2": "W13", "CODE_WUTS1": "W1", "CODE_WUT_1": "W" }, "geometry": { "type": "MultiPolygon", "coordinates": [ [ [ [ 5032784.508201813325286, -9036244.530683517456055 ], [ 4986756.714910000562668, -9015706.209995750337839 ], [ 4995653.199285000562668, -8981987.948277000337839 ], [ 5126397.828191250562668, -8952732.577183250337839 ], [ 5159320.191472500562668, -8878948.397495750337839 ], [ 5215653.199285000562668, -8861987.948277000337839 ], [ 5291485.718816250562668, -8931873.202183250337839 ], [ 5221190.703628382645547, -9100666.83977865613997 ], [ 5221009.450908883474767, -9100531.126517493277788 ], [ 5220726.09233280736953, -9100369.750317364931107 ], [ 5220529.730109582655132, -9100222.7237913236022 ], [ 5218972.549943839199841, -9099372.022024696692824 ], [ 5032784.508201813325286, -9036244.530683517456055 ] ] ] ] } },
{ "type": "Feature", "properties": { "fid": 11, "CODE_WUTS5": "W11122", "CODE_ISO3": "BEL", "NAME": "Belgium", "CODE_WUTS4": "W1112", "CODE_WUTS3": "W111", "CODE_WUTS2": "W11", "CODE_WUTS1": "W1", "CODE_WUT_1": "W" }, "geometry": { "type": "MultiPolygon", "coordinates": [ [ [ [ 218441.43358182333759, -4315867.24200445227325 ], [ 252000.012098614824936, -4298973.728558690287173 ], [ 306434.449285000562668, -4313582.186558250337839 ], [ 373253.296941250562668, -4273274.569370750337839 ], [ 426939.820378750562668, -4310701.327183250337839 ], [ 455653.199285000562668, -4341987.948277000337839 ], [ 475653.199285000562668, -4361987.948277000337839 ], [ 475653.199285000562668, -4441987.948277000337839 ], [ 435653.199285000562668, -4441987.948277000337839 ], [ 435653.199285000562668, -4481987.948277000337839 ], [ 191823.010782914294396, -4334955.273117560893297 ], [ 218441.43358182333759, -4315867.24200445227325 ] ] ] ] } },
{ "type": "Feature", "properties": { "fid": 12, "CODE_WUTS5": "W13321", "CODE_ISO3": "BEN", "NAME": "Benin", "CODE_WUTS4": "W1332", "CODE_WUTS3": "W133", "CODE_WUTS2": "W13", "CODE_WUTS1": "W1", "CODE_WUT_1": "W" }, "geometry": { "type": "MultiPolygon", "coordinates": [ [ [ [ 274783.592387773212977, -9285157.505940694361925 ], [ 242694.214910000562668, -8970947.909214500337839 ], [ 135653.199285000562668, -8801987.948277000337839 ], [ 335653.199285000562668, -8681987.948277000337839 ], [ 415743.531316250562668, -8632949.862339500337839 ], [ 555653.199285000562668, -8681987.948277000337839 ], [ 585453.003972500562668, -8809834.627964500337839 ], [ 446515.015691250562668, -9019724.764683250337839 ], [ 441869.084857712499797, -9247389.202701715752482 ], [ 274783.592387773212977, -9285157.505940694361925 ] ] ] ] } },
{ "type": "Feature", "properties": { "fid": 13, "CODE_WUTS5": "W13322", "CODE_ISO3": "BFA", "NAME": "Burkina Faso", "CODE_WUTS4": "W1332", "CODE_WUTS3": "W133", "CODE_WUTS2": "W13", "CODE_WUTS1": "W1", "CODE_WUT_1": "W" }, "geometry": { "type": "MultiPolygon", "coordinates": [ [ [ [ -444346.800714999437332, -8941987.948277000337839 ], [ -539522.581964999437332, -8881436.190464500337839 ], [ -701094.847589999437332, -8901533.846714500337839 ], [ -844346.800714999437332, -8801987.948277000337839 ], [ -592278.929621249437332, -8509131.502964500337839 ], [ 15653.199285000562668, -8341987.948277000337839 ], [ 47462.281316250562668, -8467258.944370750337839 ], [ 324632.691472500562668, -8613811.678745750337839 ], [ 335653.199285000562668, -8681987.948277000337839 ], [ 135653.199285000562668, -8801987.948277000337839 ], [ 15653.199285000562668, -8761987.948277000337839 ], [ -433782.835871249437332, -8792781.405308250337839 ], [ -444346.800714999437332, -8941987.948277000337839 ] ] ] ] } },
{ "type": "Feature", "properties": { "fid": 14, "CODE_WUTS5": "W31222", "CODE_ISO3": "BGD", "NAME": "Bangladesh", "CODE_WUTS4": "W3122", "CODE_WUTS3": "W312", "CODE_WUTS2": "W31", "CODE_WUTS1": "W3", "CODE_WUT_1": "W" }, "geometry": { "type": "MultiPolygon", "coordinates": [ [ [ [ 7535653.199285000562668, 358012.051722999662161 ], [ 7624189.872162811458111, 332599.027925815957133 ], [ 7478437.336531508713961, 179319.113218893966405 ], [ 7541260.089425670914352, -121779.45714536527521 ], [ 7257098.511785000562668, -208373.446323875337839 ], [ 7205848.511785000562668, -151013.827183250337839 ], [ 7135807.007878750562668, -189075.350620750337839 ], [ 7095748.414128750562668, -115357.088902000337839 ], [ 7203040.894597500562668, 20353.360316749662161 ], [ 7229527.711003750562668, 246454.434535499662161 ], [ 7394859.742253750562668, 159434.170863624662161 ], [ 7447406.128972500562668, 206383.633754249662161 ], [ 7408114.136785000562668, 278690.762660499662161 ], [ 7535653.199285000562668, 358012.051722999662161 ] ] ] ] } },
{ "type": "Feature", "properties": { "fid": 15, "CODE_WUTS5": "W11222", "CODE_ISO3": "BGR", "NAME": "Bulgaria", "CODE_WUTS4": "W1122", "CODE_WUTS3": "W112", "CODE_WUTS2": "W11", "CODE_WUTS1": "W1", "CODE_WUT_1": "W" }, "geometry": { "type": "MultiPolygon", "coordinates": [ [ [ [ 2115653.199285000562668, -4981987.948277000337839 ], [ 2035653.199285000562668, -4921987.948277000337839 ], [ 1975653.199285000562668, -4721987.948277000337839 ], [ 2022303.589910000562668, -4739920.077183250337839 ], [ 2344547.242253750562668, -4550881.991245750337839 ], [ 2433755.520507290028036, -4547955.378091825172305 ], [ 2424988.204787379596382, -4657322.63213946018368 ], [ 2479748.001298309769481, -4755277.296089164912701 ], [ 2406939.820378750562668, -4775552.401402000337839 ], [ 2395653.199285000562668, -4841987.948277000337839 ], [ 2115653.199285000562668, -4981987.948277000337839 ] ] ] ] } },
{ "type": "Feature", "properties": { "fid": 16, "CODE_WUTS5": "W12222", "CODE_ISO3": "BHR", "NAME": "Bahrain", "CODE_WUTS4": "W1222", "CODE_WUTS3": "W122", "CODE_WUTS2": "W12", "CODE_WUTS1": "W1", "CODE_WUT_1": "W" }, "geometry": { "type": "MultiPolygon", "coordinates": [ [ [ [ 5526157.055628198198974, -4526084.841125457547605 ], [ 5488945.211600028909743, -4546561.489853928796947 ], [ 5469638.028445356525481, -4518834.354557735845447 ], [ 5491034.535849081352353, -4489317.240660284645855 ], [ 5526157.055628198198974, -4526084.841125457547605 ] ] ] ] } },
{ "type": "Feature", "properties": { "fid": 17, "CODE_WUTS5": "W22121", "CODE_ISO3": "BHS", "NAME": "Bahamas", "CODE_WUTS4": "W2212", "CODE_WUTS3": "W221", "CODE_WUTS2": "W22", "CODE_WUTS1": "W2", "CODE_WUT_1": "W" }, "geometry": { "type": "MultiPolygon", "coordinates": [ [ [ [ -6951940.759722590446472, -1352374.551574178272858 ], [ -6918290.402738314121962, -1338529.844445234630257 ], [ -6873660.97232651617378, -1478024.85804007621482 ], [ -6897423.103819780983031, -1498710.282488522352651 ], [ -6951940.759722590446472, -1352374.551574178272858 ] ] ], [ [ [ -6877203.062333296053112, -1597736.398743711877614 ], [ -6965479.480575772933662, -1584155.411321792751551 ], [ -6969106.746680179610848, -1540052.47386797145009 ], [ -6873594.203525121323764, -1563903.46822319412604 ], [ -6877203.062333296053112, -1597736.398743711877614 ] ] ], [ [ [ -7207988.644231804646552, -1546645.836946018738672 ], [ -7156947.708676500245929, -1563784.032044771360233 ], [ -7197672.582188933156431, -1621486.10985639016144 ], [ -7214710.76903832051903, -1581065.81524106208235 ], [ -7207988.644231804646552, -1546645.836946018738672 ] ] ], [ [ [ -7061440.340402795001864, -1474475.748332362389192 ], [ -7121636.355563404038548, -1549674.212619730271399 ], [ -7156756.096141430549324, -1518347.457507646875456 ], [ -7130888.452277512289584, -1458869.102617697091773 ], [ -7061440.340402795001864, -1474475.748332362389192 ] ] ] ] } },
{ "type": "Feature", "properties": { "fid": 18, "CODE_WUTS5": "W11227", "CODE_ISO3": "BIH", "NAME": "Bosnia and Herzegovina", "CODE_WUTS4": "W1122", "CODE_WUTS3": "W112", "CODE_WUTS2": "W11", "CODE_WUTS1": "W1", "CODE_WUT_1": "W" }, "geometry": { "type": "MultiPolygon", "coordinates": [ [ [ [ 1549345.950656499015167, -4987444.885747998952866 ], [ 1555994.996160000562668, -4975527.987339500337839 ], [ 1429232.300847500562668, -4918963.045933250337839 ], [ 1392970.093816250562668, -4820222.811558250337839 ], [ 1464581.421941250562668, -4780269.198277000337839 ], [ 1635653.199285000562668, -4741987.948277000337839 ], [ 1712662.476628750562668, -4883792.147495750337839 ], [ 1667626.879189664730802, -5010019.077201692387462 ], [ 1549345.950656499015167, -4987444.885747998952866 ] ] ] ] } },
{ "type": "Feature", "properties": { "fid": 19, "CODE_WUTS5": "W11233", "CODE_ISO3": "BLR", "NAME": "Belarus", "CODE_WUTS4": "W1123", "CODE_WUTS3": "W112", "CODE_WUTS2": "W11", "CODE_WUTS1": "W1", "CODE_WUT_1": "W" }, "geometry": { "type": "MultiPolygon", "coordinates": [ [ [ [ 1735653.199285000562668, -3941987.948277000337839 ], [ 1691707.886785000562668, -3908067.049839500337839 ], [ 1595653.199285000562668, -3681987.948277000337839 ], [ 1706639.527410000562668, -3622273.592808250337839 ], [ 1735653.199285000562668, -3421987.948277000337839 ], [ 1775653.199285000562668, -3341987.948277000337839 ], [ 1932232.789128750562668, -3284487.948277000337839 ], [ 2164549.683660000562668, -3428269.686558250337839 ], [ 2215653.199285000562668, -3601987.948277000337839 ], [ 2187584.351628750562668, -3710733.065464500337839 ], [ 1756016.968816250562668, -3877670.321323875337839 ], [ 1735653.199285000562668, -3941987.948277000337839 ] ] ] ] } },
{ "type": "Feature", "properties": { "fid": 20, "CODE_WUTS5": "W22122", "CODE_ISO3": "BLZ", "NAME": "Belize", "CODE_WUTS4": "W2212", "CODE_WUTS3": "W221", "CODE_WUTS2": "W22", "CODE_WUTS1": "W2", "CODE_WUT_1": "W" }, "geometry": { "type": "MultiPolygon", "coordinates": [ [ [ [ -8217386.086702384054661, -161012.620870153710712 ], [ -8212381.468683749437332, -131552.157261375337839 ], [ -8024346.800714999437332, -121987.948277000337839 ], [ -8014727.660089999437332, -172368.807652000337839 ], [ -7954811.888605624437332, -227883.944370750337839 ], [ -7965754.212285368703306, -264723.593803785683122 ], [ -8217386.086702384054661, -161012.620870153710712 ] ] ] ] } },
{ "type": "Feature", "properties": { "fid": 21, "CODE_WUTS5": "W22137", "CODE_ISO3": "BOL", "NAME": "Bolivia", "CODE_WUTS4": "W2213", "CODE_WUTS3": "W221", "CODE_WUTS2": "W22", "CODE_WUTS1": "W2", "CODE_WUT_1": "W" }, "geometry": { "type": "MultiPolygon", "coordinates": [ [ [ [ -10364346.800715, -6461987.948277000337839 ], [ -10693181.029230624437332, -5811863.436558250337839 ], [ -11084346.800715, -5741987.948277000337839 ], [ -11095128.050715, -5633967.928745750337839 ], [ -11255272.093683749437332, -5432913.241245750337839 ], [ -11359471.312433749437332, -5050447.420933250337839 ], [ -11564346.800715, -4861987.948277000337839 ], [ -11404733.763605624437332, -4450349.764683250337839 ], [ -11315054.808527499437332, -4457556.795933250337839 ], [ -11204346.800715, -4181987.948277000337839 ], [ -11064538.451105624437332, -4219968.905308250337839 ], [ -10982184.935480624437332, -4113275.790073875337839 ], [ -10583415.404230624437332, -4098579.745152000337839 ], [ -10504346.800715, -3941987.948277000337839 ], [ -10096972.533136874437332, -4517935.213902000337839 ], [ -10090047.484308749437332, -4634119.295933250337839 ], [ -10252357.054621249437332, -4708613.924839500337839 ], [ -10054439.574152499437332, -5715266.756870750337839 ], [ -10231987.181574374437332, -5873904.452183250337839 ], [ -10084206.419855624437332, -6145855.135777000337839 ], [ -10142736.693293124437332, -6452056.307652000337839 ], [ -10364346.800715, -6461987.948277000337839 ] ] ] ] } },
{ "type": "Feature", "properties": { "fid": 22, "CODE_WUTS5": "W22210", "CODE_ISO3": "BRA", "NAME": "Brazil", "CODE_WUTS4": "W2221", "CODE_WUTS3": "W222", "CODE_WUTS2": "W22", "CODE_WUTS1": "W2", "CODE_WUT_1": "W" }, "geometry": { "type": "MultiPolygon", "coordinates": [ [ [ [ -9195374.632746249437332, -3450580.477573875337839 ], [ -9024346.800714999437332, -3781987.948277000337839 ], [ -9088790.160089999437332, -3965271.639683250337839 ], [ -8734053.831964999437332, -4352832.674839500337839 ], [ -8638372.679621249437332, -4152368.807652000337839 ], [ -8534704.466730624437332, -4372468.905308250337839 ], [ -8224346.800714999437332, -4621987.948277000337839 ], [ -8180342.894464999437332, -4691152.987339500337839 ], [ -8234061.156183749437332, -4815962.557652000337839 ], [ -8395452.757746249437332, -4850881.991245750337839 ], [ -8492702.513605624437332, -4964695.467808250337839 ], [ -8164346.800714999437332, -5381987.948277000337839 ], [ -8116177.855402499437332, -5473819.002964500337839 ], [ -8027387.572199374437332, -5496604.647495750337839 ], [ -7924346.800714999437332, -5681987.948277000337839 ], [ -7762839.232355624437332, -5891663.241245750337839 ], [ -7494800.970034066587687, -5912811.890439386479557 ], [ -7476331.416584273800254, -5993742.126844734884799 ], [ -7561762.261946891434491, -6137594.811545953154564 ], [ -7542987.155551732517779, -6320053.289724869653583 ], [ -7641845.706766444258392, -6403998.572787093929946 ], [ -7612806.646763976663351, -6539588.980188515968621 ], [ -7194111.832857235334814, -7367638.291976290754974 ], [ -7194096.127882327884436, -7367711.157773453742266 ], [ -7194081.937850340269506, -7367978.283154377713799 ], [ -7194014.657012307085097, -7368397.287380491383374 ], [ -7193793.711729817092419, -7370471.05106143373996 ], [ -7193754.795567849650979, -7370623.828127698972821 ], [ -7188765.285524465143681, -7382444.488868166692555 ], [ -7188598.934398883953691, -7382647.188301173038781 ], [ -7188531.44888870511204, -7382759.781072743237019 ], [ -7186971.461547794751823, -7384660.631147514097393 ], [ -7186707.846859090961516, -7384951.48513560462743 ], [ -7186638.459888566285372, -7385014.373819906264544 ], [ -7186500.214040113613009, -7385166.408103098161519 ], [ -7186477.853913432918489, -7385181.34866208769381 ], [ -7186463.261089676991105, -7385202.884455637075007 ], [ -6657826.755606931634247, -7900290.099209059029818 ], [ -6319042.623424932360649, -8496237.055431617423892 ], [ -6147560.115698057226837, -8622440.402092713862658 ], [ -6189516.31314810551703, -8875673.343428585678339 ], [ -6393420.008723839186132, -8967538.625363953411579 ], [ -7202126.186643885448575, -8905767.084021562710404 ], [ -7572124.454855198040605, -9243964.104041123762727 ], [ -8295999.672327104955912, -9329327.358851380646229 ], [ -9556321.962554151192307, -8494407.521060828119516 ], [ -9556881.65858350135386, -8494120.470787210389972 ], [ -9557021.185482917353511, -8494014.778963031247258 ], [ -9759154.179152511060238, -8583179.798530541360378 ], [ -9759029.226165113970637, -8650265.210271760821342 ], [ -9854880.876592073589563, -8648949.693668659776449 ], [ -10105009.904852848500013, -8571590.757816705852747 ], [ -10105098.468925887718797, -8571559.050751201808453 ], [ -10105109.043294610455632, -8571554.049447268247604 ], [ -10105116.683411275967956, -8571552.529733575880527 ], [ -10109406.10770408064127, -8569999.855315679684281 ], [ -10109430.950653349980712, -8569995.512831265106797 ], [ -10552611.731546649709344, -8393716.146142998710275 ], [ -10612780.95177548378706, -8280341.952996172942221 ], [ -10835924.624528070911765, -8284338.86348174046725 ], [ -11022466.6297070030123, -8189586.312372020445764 ], [ -10933929.320246249437332, -8154431.795933250337839 ], [ -10915090.208918124437332, -8056116.366245750337839 ], [ -10985834.837824374437332, -7863474.764683250337839 ], [ -11244346.800715, -7181987.948277000337839 ], [ -10805834.837824374437332, -7433474.764683250337839 ], [ -10493195.677668124437332, -7674304.842808250337839 ], [ -10359943.724543124437332, -7590449.862339500337839 ], [ -10444346.800715, -7441987.948277000337839 ], [ -10275272.093683749437332, -7385042.147495750337839 ], [ -10412553.587824374437332, -7191077.303745750337839 ], [ -10315272.093683749437332, -7021223.788120750337839 ], [ -10520020.62884, -6606328.768589500337839 ], [ -10364346.800715, -6461987.948277000337839 ], [ -10142736.693293124437332, -6452056.307652000337839 ], [ -10084206.419855624437332, -6145855.135777000337839 ], [ -10231987.181574374437332, -5873904.452183250337839 ], [ -10054439.574152499437332, -5715266.756870750337839 ], [ -10252357.054621249437332, -4708613.924839500337839 ], [ -10090047.484308749437332, -4634119.295933250337839 ], [ -10096972.533136874437332, -4517935.213902000337839 ], [ -10504346.800715, -3941987.948277000337839 ], [ -10581186.400324374437332, -3760162.997105125337839 ], [ -10454985.228449374437332, -3639190.096714500337839 ], [ -10559323.607355624437332, -3487560.458042625337839 ], [ -10412640.257746249437332, -3012368.807652000337839 ], [ -10090650.745673127472401, -3158626.042053789366037 ], [ -9824346.800714999437332, -3561987.948277000337839 ], [ -9195374.632746249437332, -3450580.477573875337839 ] ] ] ] } },
{ "type": "Feature", "properties": { "fid": 23, "CODE_WUTS5": "W31223", "CODE_ISO3": "BTN", "NAME": "Bhutan", "CODE_WUTS4": "W3122", "CODE_WUTS3": "W312", "CODE_WUTS2": "W31", "CODE_WUTS1": "W3", "CODE_WUT_1": "W" }, "geometry": { "type": "MultiPolygon", "coordinates": [ [ [ [ 6975653.199285000562668, -141987.948277000337839 ], [ 6935653.199285000562668, -121987.948277000337839 ], [ 6879173.707097500562668, -22641.024448875337839 ], [ 6915653.199285000562668, 198012.051722999662161 ], [ 7042916.382878750562668, 196166.348597999662161 ], [ 7027882.203191250562668, -125585.360386375337839 ], [ 6975653.199285000562668, -141987.948277000337839 ] ] ] ] } },
{ "type": "Feature", "properties": { "fid": 24, "CODE_WUTS5": "W13422", "CODE_ISO3": "BWA", "NAME": "Botswana", "CODE_WUTS4": "W1342", "CODE_WUTS3": "W134", "CODE_WUTS2": "W13", "CODE_WUTS1": "W1", "CODE_WUT_1": "W" }, "geometry": { "type": "MultiPolygon", "coordinates": [ [ [ [ 4375653.199285000562668, -11981987.948277 ], [ 4266214.722722500562668, -11685984.530308250337839 ], [ 4449998.902410000562668, -11601633.944370750337839 ], [ 4334483.765691250562668, -11289968.905308250337839 ], [ 5039923.218816250562668, -10892925.448277 ], [ 5055653.199285000562668, -10841987.948277 ], [ 5115653.199285000562668, -10841987.948277 ], [ 5695941.285222500562668, -10875894.198277 ], [ 5752130.250066250562668, -10941113.924839500337839 ], [ 6075653.199285000562668, -10861987.948277 ], [ 5586449.097722500562668, -11449263.338902 ], [ 5526952.027410000562668, -11600105.624058250337839 ], [ 5019954.957097500562668, -11760669.588902 ], [ 4947496.461003750562668, -11910025.057652 ], [ 4577489.136785000562668, -12129277.987339500337839 ], [ 4534271.363347500562668, -11996094.393589500337839 ], [ 4375653.199285000562668, -11981987.948277 ] ] ] ] } },
{ "type": "Feature", "properties": { "fid": 25, "CODE_WUTS5": "W13121", "CODE_ISO3": "CAF", "NAME": "Central African Republic", "CODE_WUTS4": "W1312", "CODE_WUTS3": "W131", "CODE_WUTS2": "W13", "CODE_WUTS1": "W1", "CODE_WUT_1": "W" }, "geometry": { "type": "MultiPolygon", "coordinates": [ [ [ [ 2715653.199285000562668, -9361987.948277000337839 ], [ 2338482.789128750562668, -9058609.042027000337839 ], [ 2435653.199285000562668, -8821987.948277000337839 ], [ 2911878.785222500562668, -8615911.288120750337839 ], [ 3395653.199285000562668, -8101987.948277000337839 ], [ 3614268.921941250562668, -8273706.698277000337839 ], [ 4295653.199285000562668, -8381987.948277000337839 ], [ 3435308.961003750562668, -8890816.073277000337839 ], [ 3132254.761785000562668, -8884631.991245750337839 ], [ 3046869.019597500562668, -9041763.338902000337839 ], [ 3075653.199285000562668, -9121987.948277000337839 ], [ 2769491.089910000562668, -9188064.608433250337839 ], [ 2715653.199285000562668, -9361987.948277000337839 ] ] ] ] } },
{ "type": "Feature", "properties": { "fid": 26, "CODE_WUTS5": "W11123", "CODE_ISO3": "CHE", "NAME": "Switzerland", "CODE_WUTS4": "W1112", "CODE_WUTS3": "W111", "CODE_WUTS2": "W11", "CODE_WUTS1": "W1", "CODE_WUT_1": "W" }, "geometry": { "type": "MultiPolygon", "coordinates": [ [ [ [ 595653.199285000562668, -4861987.948277000337839 ], [ 528465.699285000562668, -4813833.651402000337839 ], [ 615653.199285000562668, -4681987.948277000337839 ], [ 795653.199285000562668, -4661987.948277000337839 ], [ 822371.949285000562668, -4715269.198277000337839 ], [ 875653.199285000562668, -4741987.948277000337839 ], [ 863043.336003750562668, -4786094.393589500337839 ], [ 784869.507878750562668, -4790647.616245750337839 ], [ 706119.507878750562668, -4848172.030308250337839 ], [ 595653.199285000562668, -4861987.948277000337839 ] ] ] ] } },
{ "type": "Feature", "properties": { "fid": 27, "CODE_WUTS5": "W22222", "CODE_ISO3": "CHL", "NAME": "Chile", "CODE_WUTS4": "W2222", "CODE_WUTS3": "W222", "CODE_WUTS2": "W22", "CODE_WUTS1": "W2", "CODE_WUT_1": "W" }, "geometry": { "type": "MultiPolygon", "coordinates": [ [ [ [ -11564346.800715, -4861987.948277000337839 ], [ -11694728.270441561937332, -4852368.807652000337839 ], [ -11828975.706965, -4681653.475620750337839 ], [ -12065815.916925936937332, -4785159.334995750337839 ], [ -12147626.219660311937332, -4696863.436558250337839 ], [ -12696697.264582186937332, -4477688.631870750337839 ], [ -12887277.708918124437332, -4730518.221714500337839 ], [ -13236252.928644686937332, -4633894.686558250337839 ], [ -13311678.343683749437332, -4552490.877964500337839 ], [ -13496129.027277499437332, -4654028.963902000337839 ], [ -13570848.265558749437332, -4573386.874058250337839 ], [ -13801614.256769686937332, -4512918.124058250337839 ], [ -14009430.854888508096337, -4565290.38831570930779 ], [ -14160453.368097811937332, -4693972.811558250337839 ], [ -14154546.996027499437332, -4792188.143589500337839 ], [ -14691930.418879061937332, -4618198.885777000337839 ], [ -14839198.485285311937332, -4393577.303745750337839 ], [ -14917289.915949374437332, -4433806.795933250337839 ], [ -14954146.605402499437332, -4514924.959995750337839 ], [ -14876823.607355624437332, -4740830.721714500337839 ], [ -14976707.640558749437332, -4806316.561558250337839 ], [ -14974010.497004061937332, -4938460.116245750337839 ], [ -14776722.288996249437332, -5527114.901402000337839 ], [ -14829055.663019686937332, -5782625.155308250337839 ], [ -14947526.732355624437332, -5860298.495152000337839 ], [ -14974146.605402499437332, -5903867.831089500337839 ], [ -14909658.080011874437332, -6062854.647495750337839 ], [ -14828892.088800936937332, -6241987.948277000337839 ], [ -14921613.88863174803555, -6242415.596205509267747 ], [ -15004063.897568702697754, -6099760.869633876718581 ], [ -15137006.513737706467509, -5718658.70328273717314 ], [ -15126069.253963697701693, -5393852.480504663661122 ], [ -15199801.318658007308841, -5274951.206403738819063 ], [ -15248557.817348914220929, -4707731.509283077903092 ], [ -15321109.064924875274301, -4582785.74580223672092 ], [ -15221712.458115665242076, -4140413.553235983941704 ], [ -15112870.103205343708396, -3930705.116478745359927 ], [ -14794545.9793018437922, -3822455.323583239223808 ], [ -14627462.150384655222297, -3872195.214770651422441 ], [ -14627435.418914370238781, -3872199.594651596155018 ], [ -13730067.651299009099603, -4139187.585723068099469 ], [ -13560412.413078097626567, -4012014.052873347420245 ], [ -13431646.206305023282766, -4148429.211891673970968 ], [ -13431245.614821219816804, -4148834.799930830020458 ], [ -13431233.896076558157802, -4148853.305850931908935 ], [ -13431185.353399362415075, -4148906.864441783167422 ], [ -13431106.922187933698297, -4148987.823670549318194 ], [ -13429068.855244340375066, -4150673.420501472894102 ], [ -13429034.702075835317373, -4150704.116442861035466 ], [ -13424911.361939186230302, -4153440.641873729415238 ], [ -13424859.531976019963622, -4153467.791723434347659 ], [ -13422517.262460546568036, -4154669.43869893392548 ], [ -13422493.644235871732235, -4154673.536849674303085 ], [ -13422301.922652034088969, -4154740.939414638094604 ], [ -13422280.636626312509179, -4154752.089574967045337 ], [ -12908057.836861146613955, -4344852.654460675083101 ], [ -12703183.836339469999075, -4233069.096090015023947 ], [ -12655950.649150744080544, -4237934.360974515788257 ], [ -12655545.764745505526662, -4238037.395970745943487 ], [ -12047943.254460329189897, -4299022.866303570568562 ], [ -11869406.619256241247058, -4211393.348916064947844 ], [ -11648890.41708661429584, -4239723.892571893520653 ], [ -11318836.605699691921473, -4086906.49577134847641 ], [ -11204346.800715, -4181987.948277000337839 ], [ -11315054.808527499437332, -4457556.795933250337839 ], [ -11404733.763605624437332, -4450349.764683250337839 ], [ -11564346.800715, -4861987.948277000337839 ] ] ] ] } },
{ "type": "Feature", "properties": { "fid": 28, "CODE_WUTS5": "W31110", "CODE_ISO3": "CHN", "NAME": "China", "CODE_WUTS4": "W3111", "CODE_WUTS3": "W311", "CODE_WUTS2": "W31", "CODE_WUTS1": "W3", "CODE_WUT_1": "W" }, "geometry": { "type": "MultiPolygon", "coordinates": [ [ [ [ 7301952.880707230418921, 2711259.433059729170054 ], [ 7304103.353533511981368, 2753848.497365528717637 ], [ 7422694.216856079176068, 2747467.176653220783919 ], [ 7529197.371723126620054, 2604050.605299658607692 ], [ 7505610.691008725203574, 2558085.185903992969543 ], [ 7434432.857174566946924, 2546923.292069558985531 ], [ 7354347.322786975651979, 2627556.109881870448589 ], [ 7301952.880707230418921, 2711259.433059729170054 ] ] ], [ [ [ 4024930.543035000562668, 3367150.235316749662161 ], [ 4205059.937566250562668, 3307161.221644874662161 ], [ 4271524.781316250562668, 3312501.797816749662161 ], [ 4324908.570378750562668, 3227268.643519874662161 ], [ 4581312.50429546367377, 3157627.477888820692897 ], [ 4825310.295057060196996, 2977427.202215378638357 ], [ 4666752.48214799258858, 2911758.529012178536505 ], [ 4687474.566485808230937, 2807800.060590232722461 ], [ 5008131.660268042236567, 2648977.213081797584891 ], [ 5149106.953636285848916, 2862308.456957309972495 ], [ 5037746.214796408079565, 2977479.792555514723063 ], [ 4989259.398943381384015, 3123444.416873011738062 ], [ 5193222.017457935959101, 2987551.023037976119667 ], [ 5321497.8699806695804, 2985915.386111251544207 ], [ 5540522.587072099559009, 3383463.507272948510945 ], [ 5869568.345930603332818, 3561871.778066473547369 ], [ 6298127.061775318346918, 3494780.74344828678295 ], [ 6634088.945025174878538, 3328997.37341622216627 ], [ 7050348.495530663058162, 2790307.383746440056711 ], [ 7251151.59572319407016, 2296389.026185907423496 ], [ 7166578.492253750562668, 2117246.670863624662161 ], [ 7375653.199285000562668, 1578012.051722999662161 ], [ 7484632.691472500562668, 1526188.321254249662161 ], [ 7495653.199285000562668, 1458012.051722999662161 ], [ 7464198.121160000562668, 1448541.836879249662161 ], [ 7504442.261785000562668, 1376410.489222999662161 ], [ 7452567.261785000562668, 1235148.282191749662161 ], [ 7364908.570378750562668, 1208755.459926124662161 ], [ 7207432.984441250562668, 948755.459926124662161 ], [ 7028695.191472500562668, 1075487.637660499662161 ], [ 6887052.125066250562668, 1064107.022426124662161 ], [ 6815653.199285000562668, 898012.051722999662161 ], [ 6805767.945378750562668, 794429.288051124662161 ], [ 6729369.019597500562668, 763162.198207374662161 ], [ 6738114.136785000562668, 526987.881801124662161 ], [ 6915653.199285000562668, 198012.051722999662161 ], [ 6879173.707097500562668, -22641.024448875337839 ], [ 6935653.199285000562668, -121987.948277000337839 ], [ 6879752.320378750562668, -150020.174839500337839 ], [ 6915653.199285000562668, -221987.948277000337839 ], [ 6892442.750066250562668, -449542.879917625337839 ], [ 6584908.570378750562668, -931244.540073875337839 ], [ 6575653.199285000562668, -1021987.948277000337839 ], [ 6388453.492253750562668, -1270881.991245750337839 ], [ 6320985.230535000562668, -1252102.694370750337839 ], [ 6280875.367253750562668, -1156917.147495750337839 ], [ 5935653.199285000562668, -1301987.948277000337839 ], [ 5695653.199285000562668, -1541987.948277000337839 ], [ 5655653.199285000562668, -1541987.948277000337839 ], [ 5548910.035222500562668, -1493819.002964500337839 ], [ 5486839.722722500562668, -1583718.905308250337839 ], [ 5415653.199285000562668, -1601987.948277000337839 ], [ 5329083.375066250562668, -1484562.411167625337839 ], [ 5347933.472722500562668, -1299625.887730125337839 ], [ 5235653.199285000562668, -921987.948277000337839 ], [ 4934554.566472500562668, -860111.727573875337839 ], [ 4943997.925847500562668, -681392.245152000337839 ], [ 4756700.562566250562668, -573406.405308250337839 ], [ 4771844.605535000562668, -384927.401402000337839 ], [ 4555653.199285000562668, -241987.948277000337839 ], [ 4555653.199285000562668, -161987.948277000337839 ], [ 4626214.722722500562668, -152550.692417625337839 ], [ 4774112.671941250562668, 77639.737269874662161 ], [ 4977928.589910000562668, 65492.520472999662161 ], [ 5071856.812566250562668, 441010.098597999662161 ], [ 5226761.597722500562668, 579417.081019874662161 ], [ 5211690.796941250562668, 1359718.594691749662161 ], [ 4966161.011785000562668, 1819419.522426124662161 ], [ 4785582.398503750562668, 1908917.813441749662161 ], [ 4658787.964910000562668, 1848574.795863624662161 ], [ 4619080.933660000562668, 2019237.637660499662161 ], [ 4169447.144597500562668, 2407449.307582374662161 ], [ 4117306.031316250562668, 2238594.327113624662161 ], [ 4225091.675847500562668, 2033507.657191749662161 ], [ 4015653.199285000562668, 1998012.051722999662161 ], [ 3883663.453191250562668, 2169121.670863624662161 ], [ 3531187.867253750562668, 2093317.227504249662161 ], [ 3396478.394597500562668, 2238707.852504249662161 ], [ 3346034.058660000562668, 2414778.409144874662161 ], [ 3549967.164128750562668, 2737058.682582374662161 ], [ 3492352.418035000562668, 2956939.053676124662161 ], [ 3557193.726628750562668, 3114800.381801124662161 ], [ 3313883.179753750562668, 3257841.153285499662161 ], [ 3628765.992253750562668, 3422446.866176124662161 ], [ 3766036.500066250562668, 3310731.778285499662161 ], [ 3971051.327912707813084, 3449739.589526363648474 ], [ 4016701.123745537828654, 3417245.257678544614464 ], [ 4024930.543035000562668, 3367150.235316749662161 ] ] ] ] } },
{ "type": "Feature", "properties": { "fid": 29, "CODE_WUTS5": "W13323", "CODE_ISO3": "CIV", "NAME": "C?te d'Ivoire", "CODE_WUTS4": "W1332", "CODE_WUTS3": "W133", "CODE_WUTS2": "W13", "CODE_WUTS1": "W1", "CODE_WUT_1": "W" }, "geometry": { "type": "MultiPolygon", "coordinates": [ [ [ [ -1230875.94291780795902, -9387113.761160125955939 ], [ -1231082.640558749437332, -9258745.760777000337839 ], [ -1335790.892511874437332, -9206145.663120750337839 ], [ -1324346.800714999437332, -9061987.948277000337839 ], [ -1228336.058527499437332, -8946902.499058250337839 ], [ -1262093.382746249437332, -8831123.690464500337839 ], [ -1224346.800714999437332, -8801987.948277000337839 ], [ -1033656.738516164361499, -8801987.948277000337839 ], [ -844346.800714999437332, -8801987.948277000337839 ], [ -701094.847589999437332, -8901533.846714500337839 ], [ -539522.581964999437332, -8881436.190464500337839 ], [ -444346.800714999437332, -8941987.948277000337839 ], [ -411133.910089999437332, -9075908.846714500337839 ], [ -522408.324152499437332, -9255908.846714500337839 ], [ -463039.225503824476618, -9421368.428864203393459 ], [ -1230875.94291780795902, -9387113.761160125955939 ] ] ] ] } },
{ "type": "Feature", "properties": { "fid": 30, "CODE_WUTS5": "W13122", "CODE_ISO3": "CMR", "NAME": "Cameroon", "CODE_WUTS4": "W1312", "CODE_WUTS3": "W131", "CODE_WUTS2": "W13", "CODE_WUTS1": "W1", "CODE_WUT_1": "W" }, "geometry": { "type": "MultiPolygon", "coordinates": [ [ [ [ 1428164.901027228450403, -9349563.708378357812762 ], [ 1475291.871160000562668, -9216760.897495750337839 ], [ 1695985.230535000562668, -9072732.577183250337839 ], [ 1808143.433660000562668, -9113919.100620750337839 ], [ 2204908.570378750562668, -8408428.377964500337839 ], [ 2125671.910669779870659, -8373073.177720211446285 ], [ 2155024.386634069494903, -8326004.125621042214334 ], [ 2237235.230535000562668, -8334390.292027000337839 ], [ 2333863.648503750562668, -8580474.276402000337839 ], [ 2186397.828191250562668, -8667193.026402000337839 ], [ 2435653.199285000562668, -8821987.948277000337839 ], [ 2338482.789128750562668, -9058609.042027000337839 ], [ 2715653.199285000562668, -9361987.948277000337839 ], [ 2701131.714910000562668, -9414133.944370750337839 ], [ 2235653.199285000562668, -9501987.948277000337839 ], [ 1915653.199285000562668, -9581987.948277000337839 ], [ 1694212.668188631068915, -9598176.060928978025913 ], [ 1608823.337686013896018, -9429209.917708098888397 ], [ 1428164.901027228450403, -9349563.708378357812762 ] ] ] ] } },
{ "type": "Feature", "properties": { "fid": 31, "CODE_WUTS5": "W13111", "CODE_ISO3": "COD", "NAME": "Congo, Dem. Rep. of the", "CODE_WUTS4": "W1311", "CODE_WUTS3": "W131", "CODE_WUTS2": "W13", "CODE_WUTS1": "W1", "CODE_WUT_1": "W" }, "geometry": { "type": "MultiPolygon", "coordinates": [ [ [ [ 5473688.716143295168877, -9434939.689700545743108 ], [ 5287577.027410000562668, -9578052.401402000337839 ], [ 5373519.469236477278173, -9931626.327782584354281 ], [ 5634806.031316250562668, -9873093.905308250337839 ], [ 5615653.199285000562668, -10021987.948277 ], [ 5164908.570378750562668, -10051243.319370750337839 ], [ 5053463.257878750562668, -10143428.377964500337839 ], [ 4575653.199285000562668, -10241987.948277 ], [ 4247850.464910000562668, -10401487.459995750337839 ], [ 3995565.308660000562668, -10052549.471714500337839 ], [ 3656932.496160000562668, -10122046.542027 ], [ 3588172.730535000562668, -10271860.995152 ], [ 3217301.148503750562668, -10368508.944370750337839 ], [ 3020870.484441250562668, -10216284.823277 ], [ 2370777.711003750562668, -10382676.424839500337839 ], [ 2328938.222684760577977, -10429503.254900338128209 ], [ 2274424.026564294472337, -10364295.921726740896702 ], [ 2355653.199285000562668, -10241987.948277 ], [ 2571685.914128750562668, -10153430.819370750337839 ], [ 2661656.617253750562668, -10201038.241245750337839 ], [ 2863431.519597500562668, -10036826.815464500337839 ], [ 2909083.375066250562668, -9740728.182652000337839 ], [ 3042586.793035000562668, -9617031.893589500337839 ], [ 3075653.199285000562668, -9121987.948277000337839 ], [ 3046869.019597500562668, -9041763.338902000337839 ], [ 3132254.761785000562668, -8884631.991245750337839 ], [ 3435308.961003750562668, -8890816.073277000337839 ], [ 4295653.199285000562668, -8381987.948277000337839 ], [ 4935653.199285000562668, -8261987.948277000337839 ], [ 4990804.566472500562668, -8374575.838902000337839 ], [ 4995653.199285000562668, -8821987.948277000337839 ], [ 4995653.199285000562668, -8981987.948277000337839 ], [ 4986756.714910000562668, -9015706.209995750337839 ], [ 5032784.508201813325286, -9036244.530683517456055 ], [ 5247047.306062029674649, -9362477.590542998164892 ], [ 5473688.716143295168877, -9434939.689700545743108 ] ] ] ] } },
{ "type": "Feature", "properties": { "fid": 32, "CODE_WUTS5": "W13123", "CODE_ISO3": "COG", "NAME": "Congo", "CODE_WUTS4": "W1312", "CODE_WUTS3": "W131", "CODE_WUTS2": "W13", "CODE_WUTS1": "W1", "CODE_WUT_1": "W" }, "geometry": { "type": "MultiPolygon", "coordinates": [ [ [ [ 2059826.22730663837865, -10222368.31421634554863 ], [ 2115057.496160000562668, -10165869.784214500337839 ], [ 2066578.492253750562668, -10067608.065464500337839 ], [ 2538033.570378750562668, -9923443.026402000337839 ], [ 2520890.015691250562668, -9755261.874058250337839 ], [ 2406578.492253750562668, -9696282.381870750337839 ], [ 2467035.035222500562668, -9612278.475620750337839 ], [ 2440296.753972500562668, -9541118.807652000337839 ], [ 2261783.570378750562668, -9591028.475620750337839 ], [ 2235653.199285000562668, -9501987.948277000337839 ], [ 2701131.714910000562668, -9414133.944370750337839 ], [ 2715653.199285000562668, -9361987.948277000337839 ], [ 2769491.089910000562668, -9188064.608433250337839 ], [ 3075653.199285000562668, -9121987.948277000337839 ], [ 3042586.793035000562668, -9617031.893589500337839 ], [ 2909083.375066250562668, -9740728.182652000337839 ], [ 2863431.519597500562668, -10036826.815464500337839 ], [ 2661656.617253750562668, -10201038.241245750337839 ], [ 2571685.914128750562668, -10153430.819370750337839 ], [ 2355653.199285000562668, -10241987.948277 ], [ 2248927.125066250562668, -10284141.268589500337839 ], [ 2230075.601298106834292, -10311248.408457605168223 ], [ 2059826.22730663837865, -10222368.31421634554863 ] ] ] ] } },
{ "type": "Feature", "properties": { "fid": 33, "CODE_WUTS5": "W22131", "CODE_ISO3": "COL", "NAME": "Colombia", "CODE_WUTS4": "W2213", "CODE_WUTS3": "W221", "CODE_WUTS2": "W22", "CODE_WUTS1": "W2", "CODE_WUT_1": "W" }, "geometry": { "type": "MultiPolygon", "coordinates": [ [ [ [ -8773965.941339999437332, -2816944.002964500337839 ], [ -8615585.814386874437332, -3545042.147495750337839 ], [ -9024346.800714999437332, -3781987.948277000337839 ], [ -9195374.632746249437332, -3450580.477573875337839 ], [ -9824346.800714999437332, -3561987.948277000337839 ], [ -9784014.769464999437332, -3472731.356480125337839 ], [ -9823239.622980624437332, -3025850.252964500337839 ], [ -9694429.808527499437332, -2682620.272495750337839 ], [ -9684346.800714999437332, -2541987.948277000337839 ], [ -9721025.267511874437332, -2179999.422886375337839 ], [ -9654291.463270872831345, -1934830.789434955688193 ], [ -9378353.768252000212669, -2138752.340149995870888 ], [ -9049246.099109072238207, -2045991.707129495451227 ], [ -9049140.663239195942879, -2045913.510559004498646 ], [ -9045676.659293359145522, -2043606.68369529908523 ], [ -8978813.391629377380013, -1966990.526870216010138 ], [ -8835708.746471658349037, -1965937.659019741695374 ], [ -8848085.06429216824472, -2059317.280309200286865 ], [ -8679709.100863730534911, -2230541.287486170884222 ], [ -8679695.078748632222414, -2230550.742050507571548 ], [ -8679685.480649137869477, -2230565.106621522922069 ], [ -8679568.769553964957595, -2230671.110453841276467 ], [ -8679566.642191151157022, -2230673.457637002691627 ], [ -8679275.788203058764338, -2230937.072325707413256 ], [ -8671187.332974968478084, -2236222.483312537893653 ], [ -8671105.33852600120008, -2236274.283247707411647 ], [ -8670006.246554842218757, -2236659.333610408939421 ], [ -8669841.94581094942987, -2236717.726186952553689 ], [ -8668021.034969540312886, -2237225.317627578042448 ], [ -8667692.700466172769666, -2237315.803003508131951 ], [ -8667687.640060314908624, -2237316.542611735872924 ], [ -8667598.283850764855742, -2237341.16819975618273 ], [ -8666684.605674624443054, -2237578.726961720734835 ], [ -8666541.125065427273512, -2237599.697500853799284 ], [ -8510667.251076642423868, -2267251.832158311270177 ], [ -8380509.979060589335859, -2550242.584971890319139 ], [ -8309325.498469054698944, -2624256.911345036234707 ], [ -8316479.326384131796658, -2691812.56091337185353 ], [ -8403525.267511874437332, -2614597.811558250337839 ], [ -8575452.757746249437332, -2593093.905308250337839 ], [ -8773965.941339999437332, -2816944.002964500337839 ] ] ] ] } },
{ "type": "Feature", "properties": { "fid": 34, "CODE_WUTS5": "W22123", "CODE_ISO3": "CRI", "NAME": "Costa Rica", "CODE_WUTS4": "W2212", "CODE_WUTS3": "W221", "CODE_WUTS2": "W22", "CODE_WUTS1": "W2", "CODE_WUT_1": "W" }, "geometry": { "type": "MultiPolygon", "coordinates": [ [ [ [ -8869634.380300007760525, -1115078.708362718578428 ], [ -8987710.195999417454004, -1103069.002729122759774 ], [ -8979396.202073831111193, -1020114.911519165849313 ], [ -8963561.040881151333451, -994778.930401307414286 ], [ -8931440.390864977613091, -965184.253285451675765 ], [ -8919816.124543188139796, -924809.000483573530801 ], [ -8919791.443792320787907, -924737.446135072037578 ], [ -8919695.782582050189376, -924551.684183160541579 ], [ -8855733.423731353133917, -812374.526438106433488 ], [ -8868582.92866088822484, -684124.304673067876138 ], [ -8770214.061805587261915, -689788.080028197029606 ], [ -8767433.994540279731154, -796263.449232066748664 ], [ -8739373.481199972331524, -813814.646942238556221 ], [ -8773137.083918124437332, -937183.260777000337839 ], [ -8756338.422382362186909, -951656.004898606799543 ], [ -8887930.007107829675078, -1105402.424006223678589 ], [ -8869627.623222520574927, -1114574.33926688390784 ], [ -8869594.135308699682355, -1114596.715175528079271 ], [ -8869565.437743846327066, -1114740.987576639046893 ], [ -8869566.431083222851157, -1114750.680168062448502 ], [ -8869634.380300007760525, -1115078.708362718578428 ] ] ] ] } },
{ "type": "Feature", "properties": { "fid": 35, "CODE_WUTS5": "W22124", "CODE_ISO3": "CUB", "NAME": "Cuba", "CODE_WUTS4": "W2212", "CODE_WUTS3": "W221", "CODE_WUTS2": "W22", "CODE_WUTS1": "W2", "CODE_WUT_1": "W" }, "geometry": { "type": "MultiPolygon", "coordinates": [ [ [ [ -7469476.945677968673408, -2026060.779755581403151 ], [ -7598525.712151632644236, -1686762.56569429859519 ], [ -7525430.196888416074216, -1662533.328212213935331 ], [ -7470978.071174261160195, -1009107.819642362184823 ], [ -7435485.433017419651151, -963349.31706429773476 ], [ -7465638.261646224185824, -788452.94288242305629 ], [ -7572970.649685555137694, -686750.954961359733716 ], [ -7539224.184374773874879, -625329.964129672851413 ], [ -7423079.565578872337937, -737805.915804673917592 ], [ -7375204.938465095125139, -1008285.948912470717914 ], [ -7469476.945677968673408, -2026060.779755581403151 ] ] ] ] } },
{ "type": "Feature", "properties": { "fid": 36, "CODE_WUTS5": "W11135", "CODE_ISO3": "CYP", "NAME": "Cyprus", "CODE_WUTS4": "W1113", "CODE_WUTS3": "W111", "CODE_WUTS2": "W11", "CODE_WUTS1": "W1", "CODE_WUT_1": "W" }, "geometry": { "type": "MultiPolygon", "coordinates": [ [ [ [ 3432605.985835867933929, -4970050.474640137515962 ], [ 3382736.717281693127006, -5160800.426859855651855 ], [ 3264297.204465528484434, -5186981.792850797064602 ], [ 3432605.985835867933929, -4970050.474640137515962 ] ] ] ] } },
{ "type": "Feature", "properties": { "fid": 37, "CODE_WUTS5": "W11211", "CODE_ISO3": "CZE", "NAME": "Czech Republic", "CODE_WUTS4": "W1121", "CODE_WUTS3": "W112", "CODE_WUTS2": "W11", "CODE_WUTS1": "W1", "CODE_WUT_1": "W" }, "geometry": { "type": "MultiPolygon", "coordinates": [ [ [ [ 1095653.199285000562668, -4481987.948277000337839 ], [ 990228.394597500562668, -4404819.979527000337839 ], [ 946939.820378750562668, -4319588.045933250337839 ], [ 1115653.199285000562668, -4201987.948277000337839 ], [ 1386939.820378750562668, -4230701.327183250337839 ], [ 1435653.199285000562668, -4261987.948277000337839 ], [ 1406712.769597500562668, -4366275.057652000337839 ], [ 1349090.699285000562668, -4395425.448277000337839 ], [ 1335653.199285000562668, -4421987.948277000337839 ], [ 1195653.199285000562668, -4421987.948277000337839 ], [ 1195653.199285000562668, -4481987.948277000337839 ], [ 1095653.199285000562668, -4481987.948277000337839 ] ] ] ] } },
{ "type": "Feature", "properties": { "fid": 38, "CODE_WUTS5": "W11124", "CODE_ISO3": "DEU", "NAME": "Germany", "CODE_WUTS4": "W1112", "CODE_WUTS3": "W111", "CODE_WUTS2": "W11", "CODE_WUTS1": "W1", "CODE_WUT_1": "W" }, "geometry": { "type": "MultiPolygon", "coordinates": [ [ [ [ 795653.199285000562668, -4661987.948277000337839 ], [ 615653.199285000562668, -4681987.948277000337839 ], [ 635409.058660000562668, -4554639.315464500337839 ], [ 495653.199285000562668, -4501987.948277000337839 ], [ 495653.199285000562668, -4441987.948277000337839 ], [ 475653.199285000562668, -4441987.948277000337839 ], [ 475653.199285000562668, -4361987.948277000337839 ], [ 455653.199285000562668, -4341987.948277000337839 ], [ 464547.242253750562668, -4250881.991245750337839 ], [ 524000.367253750562668, -4169491.610386375337839 ], [ 510216.631995046278462, -4058678.676183620002121 ], [ 632200.478355930186808, -4005410.358768990263343 ], [ 592860.29037187830545, -3888908.244888629764318 ], [ 648355.022427772521041, -3884269.815649193245918 ], [ 775762.440306381322443, -3943088.990035492461175 ], [ 924416.768120469758287, -3871469.047681937459856 ], [ 1019439.974663475062698, -3961941.049532445613295 ], [ 1020741.089910000562668, -4016900.057652000337839 ], [ 1110565.308660000562668, -4147075.838902000337839 ], [ 1115653.199285000562668, -4201987.948277000337839 ], [ 946939.820378750562668, -4319588.045933250337839 ], [ 990228.394597500562668, -4404819.979527000337839 ], [ 1095653.199285000562668, -4481987.948277000337839 ], [ 1065516.480535000562668, -4505249.667027000337839 ], [ 1046043.824285000562668, -4597525.057652000337839 ], [ 853004.273503750562668, -4675276.522495750337839 ], [ 795653.199285000562668, -4661987.948277000337839 ] ] ] ] } },
{ "type": "Feature", "properties": { "fid": 39, "CODE_WUTS5": "W13212", "CODE_ISO3": "DJI", "NAME": "Djibouti", "CODE_WUTS4": "W1321", "CODE_WUTS3": "W132", "CODE_WUTS2": "W13", "CODE_WUTS1": "W1", "CODE_WUT_1": "W" }, "geometry": { "type": "MultiPolygon", "coordinates": [ [ [ [ 5815653.199285000562668, -6401987.948277000337839 ], [ 5849157.222847304306924, -6305676.760742236860096 ], [ 5998608.897550093010068, -6394556.785531524568796 ], [ 5995653.199285000562668, -6461987.948277000337839 ], [ 5887264.527410000562668, -6528062.167027000337839 ], [ 5824444.703191250562668, -6508496.737339500337839 ], [ 5815653.199285000562668, -6401987.948277000337839 ] ] ] ] } },
{ "type": "Feature", "properties": { "fid": 40, "CODE_WUTS5": "W11111", "CODE_ISO3": "DNK", "NAME": "Denmark", "CODE_WUTS4": "W1111", "CODE_WUTS3": "W111", "CODE_WUTS2": "W11", "CODE_WUTS1": "W1", "CODE_WUT_1": "W" }, "geometry": { "type": "MultiPolygon", "coordinates": [ [ [ [ 648355.022427772753872, -3884269.815649193245918 ], [ 592860.29037187830545, -3888908.244888629764318 ], [ 558544.854800553526729, -3639925.930836024694145 ], [ 618453.154538876144215, -3585335.988212183583528 ], [ 725968.0719066883903, -3722142.932938067242503 ], [ 802123.487612753291614, -3722283.85386137617752 ], [ 807527.791741897468455, -3812731.340798513032496 ], [ 665396.273798204609193, -3852398.967809836845845 ], [ 648355.022427772753872, -3884269.815649193245918 ] ] ] ] } },
{ "type": "Feature", "properties": { "fid": 41, "CODE_WUTS5": "W22125", "CODE_ISO3": "DOM", "NAME": "Dominican Republic", "CODE_WUTS4": "W2212", "CODE_WUTS3": "W221", "CODE_WUTS2": "W22", "CODE_WUTS1": "W2", "CODE_WUT_1": "W" }, "geometry": { "type": "MultiPolygon", "coordinates": [ [ [ [ -7381442.690908511169255, -2889779.946735318284482 ], [ -7422834.199965170584619, -2882094.46906460961327 ], [ -7508987.490351696498692, -2615851.270947087556124 ], [ -7611049.447410090826452, -2553236.606148872058839 ], [ -7603447.191659148782492, -2494036.83578344527632 ], [ -7434908.769553419202566, -2476562.526535421144217 ], [ -7381442.690908511169255, -2889779.946735318284482 ] ] ] ] } },
{ "type": "Feature", "properties": { "fid": 42, "CODE_WUTS5": "W12111", "CODE_ISO3": "DZA", "NAME": "Algeria", "CODE_WUTS4": "W1211", "CODE_WUTS3": "W121", "CODE_WUTS2": "W12", "CODE_WUTS1": "W1", "CODE_WUT_1": "W" }, "geometry": { "type": "MultiPolygon", "coordinates": [ [ [ [ -664346.800714999437332, -7201987.948277000337839 ], [ -1064346.800714999437332, -6901987.948277000337839 ], [ -1044346.800714999437332, -6841987.948277000337839 ], [ -1007386.351496249437332, -6745654.940464500337839 ], [ -124925.413996249437332, -6431846.346714500337839 ], [ -195521.117121249437332, -6156592.440464500337839 ], [ 122710.468660329526756, -5985440.792687509208918 ], [ 872080.114978124154732, -5869841.178724037483335 ], [ 820228.394597500562668, -6223115.877964500337839 ], [ 1095653.199285000562668, -6541987.948277000337839 ], [ 1183277.711003750562668, -7011553.377964500337839 ], [ 1515653.199285000562668, -7241987.948277000337839 ], [ 765548.218816250562668, -7829260.897495750337839 ], [ 595653.199285000562668, -7861987.948277000337839 ], [ 463353.394597500562668, -7889085.116245750337839 ], [ 418414.429753750562668, -7796455.721714500337839 ], [ -664346.800714999437332, -7201987.948277000337839 ] ] ] ] } },
{ "type": "Feature", "properties": { "fid": 43, "CODE_WUTS5": "W22132", "CODE_ISO3": "ECU", "NAME": "Ecuador", "CODE_WUTS4": "W2213", "CODE_WUTS3": "W221", "CODE_WUTS2": "W22", "CODE_WUTS1": "W2", "CODE_WUT_1": "W" }, "geometry": { "type": "MultiPolygon", "coordinates": [ [ [ [ -9684346.800714999437332, -2541987.948277000337839 ], [ -9944990.111261874437332, -2464497.713902000337839 ], [ -10126768.675715, -2148880.038120750337839 ], [ -10358227.415949374437332, -2019518.465855125337839 ], [ -10326336.546808749437332, -1749485.506870750337839 ], [ -10245375.238293996080756, -1753241.390369561733678 ], [ -9990452.314393624663353, -1634396.968804489821196 ], [ -9873507.280009998008609, -1697258.112221264280379 ], [ -9873486.745923183858395, -1697271.832659422187135 ], [ -9873394.560743190348148, -1697340.201848522992805 ], [ -9873343.890079069882631, -1697367.28588276123628 ], [ -9766836.06437030620873, -1754596.798041575355455 ], [ -9654291.463270872831345, -1934830.789434955921024 ], [ -9721025.267511874437332, -2179999.422886375337839 ], [ -9684346.800714999437332, -2541987.948277000337839 ] ] ] ] } },
{ "type": "Feature", "properties": { "fid": 44, "CODE_WUTS5": "W12121", "CODE_ISO3": "EGY", "NAME": "Egypt", "CODE_WUTS4": "W1212", "CODE_WUTS3": "W121", "CODE_WUTS2": "W12", "CODE_WUTS1": "W1", "CODE_WUT_1": "W" }, "geometry": { "type": "MultiPolygon", "coordinates": [ [ [ [ 3842771.080097056459635, -5531207.88747401162982 ], [ 3888370.483164550270885, -5740762.451343615539372 ], [ 3582397.149086485151201, -5634632.207601239904761 ], [ 3578621.618026174604893, -5687489.642445583827794 ], [ 4355872.320215406827629, -6079957.302634255960584 ], [ 4506735.947213222272694, -6058649.183962102979422 ], [ 3195653.199285000562668, -6841987.948277000337839 ], [ 2757099.688472041394562, -5883827.037909852340817 ], [ 3213250.070097418967634, -5781731.821993062272668 ], [ 3373610.627381024882197, -5591379.506078451871872 ], [ 3677512.522471865639091, -5415727.337095500901341 ], [ 3842771.080097056459635, -5531207.88747401162982 ] ] ] ] } },
{ "type": "Feature", "properties": { "fid": 45, "CODE_WUTS5": "W13213", "CODE_ISO3": "ERI", "NAME": "Eritrea", "CODE_WUTS4": "W1321", "CODE_WUTS3": "W132", "CODE_WUTS2": "W13", "CODE_WUTS1": "W1", "CODE_WUT_1": "W" }, "geometry": { "type": "MultiPolygon", "coordinates": [ [ [ [ 5035653.199285000562668, -6761987.948277000337839 ], [ 4913673.218816250562668, -6523054.842808250337839 ], [ 5005257.231983864679933, -6295894.305055963806808 ], [ 5227410.400093798525631, -6396656.363091997802258 ], [ 5849157.222847304306924, -6305676.760742236860096 ], [ 5815653.199285000562668, -6401987.948277000337839 ], [ 5394664.429753750562668, -6487705.721714500337839 ], [ 5035653.199285000562668, -6761987.948277000337839 ] ] ] ] } },
{ "type": "Feature", "properties": { "fid": 46, "CODE_WUTS5": "W12112", "CODE_ISO3": "ESH", "NAME": "West Sahara", "CODE_WUTS4": "W1211", "CODE_WUTS3": "W121", "CODE_WUTS2": "W12", "CODE_WUTS1": "W1", "CODE_WUT_1": "W" }, "geometry": { "type": "MultiPolygon", "coordinates": [ [ [ [ -1494360.343050287337974, -6774020.651334077119827 ], [ -1044346.800714999437332, -6841987.948277000337839 ], [ -1064346.800714999437332, -6901987.948277000337839 ], [ -1077728.148371249437332, -7030401.034214500337839 ], [ -1469648.314386874437332, -6974390.292027000337839 ], [ -1540869.017511874437332, -7205032.381870750337839 ], [ -1740408.812433749437332, -7430562.167027000337839 ], [ -2186215.455095325130969, -7350544.494273588061333 ], [ -2188458.172424880322069, -7281381.431005237624049 ], [ -1933426.776605535065755, -6969747.166997170075774 ], [ -1494360.343050287337974, -6774020.651334077119827 ] ] ] ] } },
{ "type": "Feature", "properties": { "fid": 47, "CODE_WUTS5": "W11131", "CODE_ISO3": "ESP", "NAME": "Spain", "CODE_WUTS4": "W1113", "CODE_WUTS3": "W111", "CODE_WUTS2": "W11", "CODE_WUTS1": "W1", "CODE_WUT_1": "W" }, "geometry": { "type": "MultiPolygon", "coordinates": [ [ [ [ -116370.921906730873161, -5218693.297958126291633 ], [ 35653.199285000562668, -5276963.534214500337839 ], [ 119386.109441250562668, -5266548.495152000337839 ], [ 260195.830476746778004, -5307015.668338989838958 ], [ 250589.33929759694729, -5350102.718432319350541 ], [ 54361.398580733737617, -5456347.300387910567224 ], [ -46107.671862366245477, -5623593.413016447797418 ], [ -22817.922276394969231, -5714009.097344280220568 ], [ -218127.306882881210186, -5880748.627285707741976 ], [ -608136.111919035436586, -5953099.810533218085766 ], [ -693137.682567781768739, -5825893.468431834131479 ], [ -740542.338323179050349, -5811058.322671349160373 ], [ -714546.996027499437332, -5571787.752964500337839 ], [ -608892.699152499437332, -5381987.948277000337839 ], [ -643873.167902499437332, -5314082.674839500337839 ], [ -800930.936505700228736, -5308955.181657523848116 ], [ -783772.510245538898744, -5155619.693219505250454 ], [ -116370.921906730873161, -5218693.297958126291633 ] ] ] ] } },
{ "type": "Feature", "properties": { "fid": 48, "CODE_WUTS5": "W11212", "CODE_ISO3": "EST", "NAME": "Estonia", "CODE_WUTS4": "W1121", "CODE_WUTS3": "W112", "CODE_WUTS2": "W11", "CODE_WUTS1": "W1", "CODE_WUT_1": "W" }, "geometry": { "type": "MultiPolygon", "coordinates": [ [ [ [ 1606285.74197146249935, -3006848.076030677650124 ], [ 1675653.199285000562668, -3221987.948277000337839 ], [ 1492512.229427168611437, -3256443.711649026256055 ], [ 1442975.055161015829071, -3216187.524305311497301 ], [ 1356027.837008958449587, -3249306.148736948613077 ], [ 1331340.017788025550544, -3208101.195506443269551 ], [ 1606285.74197146249935, -3006848.076030677650124 ] ] ] ] } },
{ "type": "Feature", "properties": { "fid": 49, "CODE_WUTS5": "W13214", "CODE_ISO3": "ETH", "NAME": "Ethiopia", "CODE_WUTS4": "W1321", "CODE_WUTS3": "W132", "CODE_WUTS2": "W13", "CODE_WUTS1": "W1", "CODE_WUT_1": "W" }, "geometry": { "type": "MultiPolygon", "coordinates": [ [ [ [ 5535653.199285000562668, -7681987.948277000337839 ], [ 4986214.722722500562668, -7595781.893589500337839 ], [ 5067596.558660000562668, -7490769.686558250337839 ], [ 4970772.828191250562668, -7297776.522495750337839 ], [ 5035653.199285000562668, -6761987.948277000337839 ], [ 5394664.429753750562668, -6487705.721714500337839 ], [ 5815653.199285000562668, -6401987.948277000337839 ], [ 5824444.703191250562668, -6508496.737339500337839 ], [ 5887264.527410000562668, -6528062.167027000337839 ], [ 5995653.199285000562668, -6461987.948277000337839 ], [ 6039825.562566250562668, -6511426.424839500337839 ], [ 6204083.375066250562668, -6490247.225620750337839 ], [ 6743765.992253750562668, -6190313.143589500337839 ], [ 6680099.000066250562668, -6700144.686558250337839 ], [ 6375653.199285000562668, -7161987.948277000337839 ], [ 6191710.328191250562668, -7242730.135777000337839 ], [ 6115687.378972500562668, -7418023.104527000337839 ], [ 5535653.199285000562668, -7681987.948277000337839 ] ] ] ] } },
{ "type": "Feature", "properties": { "fid": 50, "CODE_WUTS5": "W11112", "CODE_ISO3": "FIN", "NAME": "Finland", "CODE_WUTS4": "W1111", "CODE_WUTS3": "W111", "CODE_WUTS2": "W11", "CODE_WUTS1": "W1", "CODE_WUT_1": "W" }, "geometry": { "type": "MultiPolygon", "coordinates": [ [ [ [ 1098623.189635798800737, -2466747.609242089558393 ], [ 970880.250066250562668, -2249639.315464500337839 ], [ 855653.199285000562668, -2201987.948277000337839 ], [ 866676.148503750562668, -2187705.721714500337839 ], [ 935138.062566250562668, -2197822.909214500337839 ], [ 985438.355535000562668, -2158997.225620750337839 ], [ 1027059.449285000562668, -2000435.213902000337839 ], [ 1135653.199285000562668, -1981987.948277000337839 ], [ 1144908.570378750562668, -2092731.356480125337839 ], [ 1421405.152410000562668, -2463558.993198875337839 ], [ 1587249.878972500562668, -2606441.073277000337839 ], [ 1559987.176894881762564, -2862034.578423807863146 ], [ 1299123.883136832388118, -3068950.002456405665725 ], [ 1206453.323626709636301, -3037299.382840786594898 ], [ 1118893.99097181065008, -2837664.238423128612339 ], [ 1179532.436293066013604, -2537281.514159568119794 ], [ 1151056.922995844623074, -2452129.393265104386955 ], [ 1098623.189635798800737, -2466747.609242089558393 ] ] ] ] } },
{ "type": "Feature", "properties": { "fid": 51, "CODE_WUTS5": "W32321", "CODE_ISO3": "FJI", "NAME": "Fiji", "CODE_WUTS4": "W3232", "CODE_WUTS3": "W323", "CODE_WUTS2": "W32", "CODE_WUTS1": "W3", "CODE_WUT_1": "W" }, "geometry": { "type": "MultiPolygon", "coordinates": [ [ [ [ 358534.531751253758557, 12045292.732255173847079 ], [ 598933.219181447289884, 12013239.573931148275733 ], [ 607182.379906134330668, 11965259.557146655395627 ], [ 470939.796166159561835, 11876865.116636078804731 ], [ 295644.203537277062424, 11916552.135035181418061 ], [ 246260.217114506784128, 12013274.197275005280972 ], [ 358534.531751253758557, 12045292.732255173847079 ] ] ], [ [ [ -133882.551853430457413, 11711147.76611097343266 ], [ -149549.416422091890126, 11823263.801544116809964 ], [ 178823.349376223632134, 11815254.709695378318429 ], [ 211179.017863600078272, 11759269.468326922506094 ], [ -133882.551853430457413, 11711147.76611097343266 ] ] ] ] } },
{ "type": "Feature", "properties": { "fid": 52, "CODE_WUTS5": "W11125", "CODE_ISO3": "FRA", "NAME": "France", "CODE_WUTS4": "W1112", "CODE_WUTS3": "W111", "CODE_WUTS2": "W11", "CODE_WUTS1": "W1", "CODE_WUT_1": "W" }, "geometry": { "type": "MultiPolygon", "coordinates": [ [ [ [ -7924346.800714999437332, -5681987.948277000337839 ], [ -7785010.863214999437332, -5667258.944370750337839 ], [ -7726153.441339999437332, -5517605.624058250337839 ], [ -7630176.101362493820488, -5499281.936053162440658 ], [ -7576708.027783984318376, -5553973.523098040372133 ], [ -7494800.970034066587687, -5912811.890439386479557 ], [ -7762839.232355624437332, -5891663.241245750337839 ], [ -7924346.800714999437332, -5681987.948277000337839 ] ] ], [ [ [ 840797.015817436156794, -5178678.695963940583169 ], [ 879461.703500918694772, -5247722.781113016419113 ], [ 865652.886471103411168, -5349908.02713364828378 ], [ 818702.908569731749594, -5349908.02713364828378 ], [ 782799.984292212291621, -5251865.426221961155534 ], [ 840797.015817436156794, -5178678.695963940583169 ] ] ], [ [ [ 260195.830476746778004, -5307015.668338989838958 ], [ 119386.109441250562668, -5266548.495152000337839 ], [ 35653.199285000562668, -5276963.534214500337839 ], [ -116370.921906730916817, -5218693.297958126291633 ], [ -71722.96903127936821, -4973176.885169365443289 ], [ -100249.108571369200945, -4887920.836625492200255 ], [ -199068.227139227325097, -4749985.816957856528461 ], [ -377572.092136333230883, -4675338.746140885166824 ], [ -374326.567318203859031, -4594200.625687655061483 ], [ -146293.381240509974305, -4611091.972804521210492 ], [ -137402.824207357567502, -4566987.549516597762704 ], [ -176091.974078012048267, -4493126.445218075998127 ], [ -89965.460206156596541, -4474220.625099863857031 ], [ -39782.3583678388095, -4531783.594855581410229 ], [ 96037.24239327016403, -4455385.069427456706762 ], [ 120795.21499814564595, -4430768.81013972312212 ], [ 127454.070852967706742, -4357151.459300301037729 ], [ 191823.010782914294396, -4334955.273117560893297 ], [ 435653.199285000562668, -4481987.948277000337839 ], [ 495653.199285000562668, -4501987.948277000337839 ], [ 635409.058660000562668, -4554639.315464500337839 ], [ 615653.199285000562668, -4681987.948277000337839 ], [ 528465.699285000562668, -4813833.651402000337839 ], [ 595653.199285000562668, -4861987.948277000337839 ], [ 608512.086003750562668, -5039866.366245750337839 ], [ 672011.080585399293341, -5104055.468530625104904 ], [ 580872.151863128878176, -5181612.9534214977175 ], [ 311011.612244606250897, -5173554.709914203733206 ], [ 260195.830476746778004, -5307015.668338989838958 ] ] ] ] } },
{ "type": "Feature", "properties": { "fid": 53, "CODE_WUTS5": "W13124", "CODE_ISO3": "GAB", "NAME": "Gabon", "CODE_WUTS4": "W1312", "CODE_WUTS3": "W131", "CODE_WUTS2": "W13", "CODE_WUTS1": "W1", "CODE_WUT_1": "W" }, "geometry": { "type": "MultiPolygon", "coordinates": [ [ [ [ 1716059.203973529860377, -9752568.97356223501265 ], [ 1913302.125066250562668, -9702075.838902000337839 ], [ 1952660.035222500562668, -9613872.713902000337839 ], [ 1915653.199285000562668, -9581987.948277000337839 ], [ 2235653.199285000562668, -9501987.948277000337839 ], [ 2261783.570378750562668, -9591028.475620750337839 ], [ 2440296.753972500562668, -9541118.807652000337839 ], [ 2467035.035222500562668, -9612278.475620750337839 ], [ 2406578.492253750562668, -9696282.381870750337839 ], [ 2520890.015691250562668, -9755261.874058250337839 ], [ 2538033.570378750562668, -9923443.026402000337839 ], [ 2066578.492253750562668, -10067608.065464500337839 ], [ 2115057.496160000562668, -10165869.784214500337839 ], [ 2059826.22730663837865, -10222368.31421634554863 ], [ 1584079.522607088787481, -9985091.931058276444674 ], [ 1716059.203973529860377, -9752568.97356223501265 ] ] ] ] } },
{ "type": "Feature", "properties": { "fid": 54, "CODE_WUTS5": "W11113", "CODE_ISO3": "GBR", "NAME": "United Kingdom", "CODE_WUTS4": "W1111", "CODE_WUTS3": "W111", "CODE_WUTS2": "W11", "CODE_WUTS1": "W1", "CODE_WUT_1": "W" }, "geometry": { "type": "MultiPolygon", "coordinates": [ [ [ [ -459079.03574658249272, -3988102.640902565792203 ], [ -555208.617121249437332, -3952704.501011375337839 ], [ -559556.113436482846737, -3917833.682951654307544 ], [ -478764.291690605634358, -3880578.919855770654976 ], [ -410871.973980939190369, -3943027.638392045162618 ], [ -459079.03574658249272, -3988102.640902565792203 ] ] ], [ [ [ -188062.071008100174367, -3496967.686750204768032 ], [ -193906.893580637406558, -3555415.912475574761629 ], [ -117924.200137656414881, -3613864.138200944289565 ], [ -170527.603290489176288, -3786286.40409078495577 ], [ 142170.404340238776058, -4189579.161595836281776 ], [ 119444.998186586308293, -4271958.75890282727778 ], [ -7676.065607624375843, -4373969.489108057692647 ], [ -430622.207768384832889, -4435061.709642389789224 ], [ -405514.200537376222201, -4361574.859210169874132 ], [ -212598.760790694272146, -4325802.459786943159997 ], [ -193680.976856555324048, -4280084.481946107931435 ], [ -370942.290295313519891, -4260388.780452912673354 ], [ -310803.34503137669526, -4084372.355290170758963 ], [ -205596.538725711172447, -4081449.944003902375698 ], [ -237743.06287466478534, -3906105.266827792860568 ], [ -357561.925611672690138, -3923639.734545404091477 ], [ -334182.635321524692699, -3499890.098036472685635 ], [ -188062.071008100174367, -3496967.686750204768032 ] ] ] ] } },
{ "type": "Feature", "properties": { "fid": 55, "CODE_WUTS5": "W11234", "CODE_ISO3": "GEO", "NAME": "Georgia", "CODE_WUTS4": "W1123", "CODE_WUTS3": "W112", "CODE_WUTS2": "W11", "CODE_WUTS1": "W1", "CODE_WUT_1": "W" }, "geometry": { "type": "MultiPolygon", "coordinates": [ [ [ [ 3404373.547829088754952, -3933822.954336494673043 ], [ 3733485.230535000562668, -3714745.516636375337839 ], [ 3895653.199285000562668, -3701987.948277000337839 ], [ 3942140.015691250562668, -3756506.991245750337839 ], [ 3835653.199285000562668, -3841987.948277000337839 ], [ 3755653.199285000562668, -3961987.948277000337839 ], [ 3609815.893075174186379, -4011541.401815543882549 ], [ 3404373.547829088754952, -3933822.954336494673043 ] ] ] ] } },
{ "type": "Feature", "properties": { "fid": 56, "CODE_WUTS5": "W13324", "CODE_ISO3": "GHA", "NAME": "Ghana", "CODE_WUTS4": "W1332", "CODE_WUTS3": "W133", "CODE_WUTS2": "W13", "CODE_WUTS1": "W1", "CODE_WUT_1": "W" }, "geometry": { "type": "MultiPolygon", "coordinates": [ [ [ [ -463039.225503824476618, -9421368.428864203393459 ], [ -522408.324152499437332, -9255908.846714500337839 ], [ -411133.910089999437332, -9075908.846714500337839 ], [ -444346.800714999437332, -8941987.948277000337839 ], [ -433782.835871249437332, -8792781.405308250337839 ], [ 15653.199285000562668, -8761987.948277000337839 ], [ 103414.429753750562668, -9121795.077183250337839 ], [ 84015.015691250562668, -9253067.049839500337839 ], [ 163430.940524864650797, -9311726.678004803135991 ], [ -331604.001146968803369, -9456715.114066889509559 ], [ -463039.225503824476618, -9421368.428864203393459 ] ] ] ] } },
{ "type": "Feature", "properties": { "fid": 57, "CODE_WUTS5": "W13325", "CODE_ISO3": "GIN", "NAME": "Guinea", "CODE_WUTS4": "W1332", "CODE_WUTS3": "W133", "CODE_WUTS2": "W13", "CODE_WUTS1": "W1", "CODE_WUT_1": "W" }, "geometry": { "type": "MultiPolygon", "coordinates": [ [ [ [ -1644346.800714999437332, -8921987.948277000337839 ], [ -1765584.593683749437332, -8699883.456089500337839 ], [ -2025370.533601208822802, -8755368.818042367696762 ], [ -2246668.188915028702468, -8477123.922990126535296 ], [ -2202280.150324374437332, -8439805.331089500337839 ], [ -2073823.119074374437332, -8455784.334995750337839 ], [ -2044346.800714999437332, -8361987.948277000337839 ], [ -1724346.800714999437332, -8461987.948277000337839 ], [ -1360113.402277499437332, -8523401.522495750337839 ], [ -1224346.800714999437332, -8801987.948277000337839 ], [ -1262093.382746249437332, -8831123.690464500337839 ], [ -1228336.058527499437332, -8946902.499058250337839 ], [ -1324346.800714999437332, -9061987.948277000337839 ], [ -1500560.179621249437332, -9079317.049839500337839 ], [ -1496347.533136874437332, -8937085.604527000337839 ], [ -1644346.800714999437332, -8921987.948277000337839 ] ] ] ] } },
{ "type": "Feature", "properties": { "fid": 58, "CODE_WUTS5": "W13326", "CODE_ISO3": "GMB", "NAME": "Gambia", "CODE_WUTS4": "W1332", "CODE_WUTS3": "W133", "CODE_WUTS2": "W13", "CODE_WUTS1": "W1", "CODE_WUT_1": "W" }, "geometry": { "type": "MultiPolygon", "coordinates": [ [ [ [ -2444195.489013698883355, -8208911.093820845708251 ], [ -2438829.479896770790219, -8176637.775403019040823 ], [ -2402609.850652298424393, -8158319.066026044078171 ], [ -2313895.825420465320349, -8185851.004891095682979 ], [ -2284582.36617595423013, -8165698.00166049413383 ], [ -2026257.506583696696907, -8264630.926610720343888 ], [ -2033585.871394824702293, -8314097.389085833914578 ], [ -2275421.910162044223398, -8220660.737743953242898 ], [ -2306567.460609337314963, -8246310.014582900330424 ], [ -2444195.489013698883355, -8208911.093820845708251 ] ] ] ] } },
{ "type": "Feature", "properties": { "fid": 59, "CODE_WUTS5": "W13327", "CODE_ISO3": "GNB", "NAME": "Guinea-Bissau", "CODE_WUTS4": "W1332", "CODE_WUTS3": "W133", "CODE_WUTS2": "W13", "CODE_WUTS1": "W1", "CODE_WUT_1": "W" }, "geometry": { "type": "MultiPolygon", "coordinates": [ [ [ [ -2436100.936844409443438, -8289712.572217133827507 ], [ -2335256.224543124437332, -8314736.971714500337839 ], [ -2258464.232355624437332, -8295388.827183250337839 ], [ -2044346.800714999437332, -8361987.948277000337839 ], [ -2073823.119074374437332, -8455784.334995750337839 ], [ -2202280.150324374437332, -8439805.331089500337839 ], [ -2246668.188915028702468, -8477123.922990126535296 ], [ -2311378.604357291013002, -8401813.959293628111482 ], [ -2425471.546845211647451, -8391971.526254650205374 ], [ -2436100.936844409443438, -8289712.572217133827507 ] ] ] ] } },
{ "type": "Feature", "properties": { "fid": 60, "CODE_WUTS5": "W13125", "CODE_ISO3": "GNQ", "NAME": "Equatorial Guinea", "CODE_WUTS4": "W1312", "CODE_WUTS3": "W131", "CODE_WUTS2": "W13", "CODE_WUTS1": "W1", "CODE_WUT_1": "W" }, "geometry": { "type": "MultiPolygon", "coordinates": [ [ [ [ 1694212.668188631068915, -9598176.060928978025913 ], [ 1915653.199285000562668, -9581987.948277000337839 ], [ 1952660.035222500562668, -9613872.713902000337839 ], [ 1913302.125066250562668, -9702075.838902000337839 ], [ 1716059.203973530093208, -9752568.97356223501265 ], [ 1636380.79396393103525, -9720341.655130080878735 ], [ 1694212.668188631068915, -9598176.060928978025913 ] ] ] ] } },
{ "type": "Feature", "properties": { "fid": 61, "CODE_WUTS5": "W11132", "CODE_ISO3": "GRC", "NAME": "Greece", "CODE_WUTS4": "W1113", "CODE_WUTS3": "W111", "CODE_WUTS2": "W11", "CODE_WUTS1": "W1", "CODE_WUT_1": "W" }, "geometry": { "type": "MultiPolygon", "coordinates": [ [ [ [ 1935451.923956184182316, -5237267.829556248150766 ], [ 1975653.199285000562668, -5101987.948277000337839 ], [ 2115653.199285000562668, -4981987.948277000337839 ], [ 2395653.199285000562668, -4841987.948277000337839 ], [ 2412628.179151933640242, -4915186.248210837133229 ], [ 2327434.385454123839736, -4941014.672754808329046 ], [ 2244650.706353345420212, -5112441.260030413977802 ], [ 2158007.0017733220011, -5090530.044594601728022 ], [ 2133469.422500432468951, -5120781.567335433326662 ], [ 2215113.730205974541605, -5155766.355798652395606 ], [ 2186011.971752934157848, -5198509.563526556827128 ], [ 2408327.850079174153507, -5269891.952261056751013 ], [ 2305628.658553725108504, -5320559.502341921441257 ], [ 2327046.90704225609079, -5505920.534929119050503 ], [ 2200394.506160384044051, -5494167.480512966401875 ], [ 1935451.923956184182316, -5237267.829556248150766 ] ] ] ] } },
{ "type": "Feature", "properties": { "fid": 62, "CODE_WUTS5": "W11114", "CODE_ISO3": "GRL", "NAME": "Greenland", "CODE_WUTS4": "W1111", "CODE_WUTS3": "W111", "CODE_WUTS2": "W11", "CODE_WUTS1": "W1", "CODE_WUT_1": "W" }, "geometry": { "type": "MultiPolygon", "coordinates": [ [ [ [ -1485613.32227344554849, -2145294.867406069301069 ], [ -1741158.602470992598683, -2084201.496953241061419 ], [ -2321473.514423206448555, -2405113.111781779211015 ], [ -2328520.407017639838159, -2218969.63558116229251 ], [ -2400284.618468967266381, -2174551.763825627975166 ], [ -2266735.04148961417377, -1842874.961863001110032 ], [ -2022319.653267469024286, -1510824.359998990548775 ], [ -1850207.086260126903653, -1421559.325896196067333 ], [ -1839569.944777341093868, -1323524.854596895631403 ], [ -1669070.047772893914953, -1243436.749117186991498 ], [ -1665903.78728046361357, -1168192.256218149559572 ], [ -1420595.701407901477069, -976433.201886719325557 ], [ -1333561.325819416437298, -801912.940723322913982 ], [ -1435074.061417101649567, -576247.091568667441607 ], [ -1247915.919626866001636, -414075.389278060640208 ], [ -1034553.648015536367893, -505901.437037706316914 ], [ -955636.162937983754091, -420349.238717214146163 ], [ -887971.855480952188373, -445831.774545530439354 ], [ -887890.282762793358415, -445874.526968902326189 ], [ -372374.243870501348283, -640336.612817545887083 ], [ -339117.69213106186362, -886037.728110750787891 ], [ -256185.872317837900482, -901006.678280527004972 ], [ -470291.214269642718136, -1176916.667114111129194 ], [ -449023.699858569598291, -1347856.221996598178521 ], [ -556628.611328650498763, -1431984.561565151438117 ], [ -516249.738035980379209, -1542595.341350859962404 ], [ -741427.511453765560873, -1721348.289543082704768 ], [ -885064.873259206535295, -2048366.151152072940022 ], [ -1063048.953480928670615, -2102868.610276236198843 ], [ -1336348.583651374327019, -2066484.352077467134222 ], [ -1485613.32227344554849, -2145294.867406069301069 ] ] ] ] } },
{ "type": "Feature", "properties": { "fid": 63, "CODE_WUTS5": "W22126", "CODE_ISO3": "GTM", "NAME": "Guatemala", "CODE_WUTS4": "W2212", "CODE_WUTS3": "W221", "CODE_WUTS2": "W22", "CODE_WUTS1": "W2", "CODE_WUT_1": "W" }, "geometry": { "type": "MultiPolygon", "coordinates": [ [ [ [ -8295370.970636874437332, 308602.872035499662161 ], [ -8254947.386652499437332, 269764.981410499662161 ], [ -8234146.605402499437332, 168212.247035499662161 ], [ -8214147.826105624437332, 45361.905238624662161 ], [ -8096500.121027499437332, 167811.856410499662161 ], [ -8034365.111261874437332, 113329.434535499662161 ], [ -8024346.800714999437332, -121987.948277000337839 ], [ -8212381.468683749437332, -131552.157261375337839 ], [ -8217386.086702384054661, -161012.620870153739816 ], [ -8249440.359863406047225, -169731.736095790809486 ], [ -8257385.825442707166076, -198230.573021244665142 ], [ -8302896.605402499437332, -193054.842808250337839 ], [ -8353160.277277499437332, -120256.991245750337839 ], [ -8424346.800714999437332, -101987.948277000337839 ], [ -8443946.410089999437332, -41587.557652000337839 ], [ -8472883.574775135144591, -13785.937085216377454 ], [ -8436585.764261648058891, 158939.646559771616012 ], [ -8436520.917645543813705, 159149.340309240011266 ], [ -8436470.293008910492063, 159249.615236300509423 ], [ -8346992.885481561534107, 307549.914003181038424 ], [ -8295370.970636874437332, 308602.872035499662161 ] ] ] ] } },
{ "type": "Feature", "properties": { "fid": 64, "CODE_WUTS5": "W22133", "CODE_ISO3": "GUY", "NAME": "Guyana", "CODE_WUTS4": "W2213", "CODE_WUTS3": "W221", "CODE_WUTS2": "W22", "CODE_WUTS1": "W2", "CODE_WUT_1": "W" }, "geometry": { "type": "MultiPolygon", "coordinates": [ [ [ [ -8079516.478449374437332, -5033093.905308250337839 ], [ -8164346.800714999437332, -5381987.948277000337839 ], [ -8492702.513605624437332, -4964695.467808250337839 ], [ -8395452.757746249437332, -4850881.991245750337839 ], [ -8234061.156183749437332, -4815962.557652000337839 ], [ -8180342.894464999437332, -4691152.987339500337839 ], [ -8224346.800714999437332, -4621987.948277000337839 ], [ -8202993.040949374437332, -4499282.870152000337839 ], [ -8104382.201105624437332, -4487017.245152000337839 ], [ -8034636.107355624437332, -4574114.413120750337839 ], [ -7881920.199180879630148, -4537264.670308644883335 ], [ -7832669.475163987837732, -4715483.78993309661746 ], [ -7896772.094536241143942, -4821601.605209638364613 ], [ -7867577.721114367246628, -5089405.390971914865077 ], [ -8079516.478449374437332, -5033093.905308250337839 ] ] ] ] } },
{ "type": "Feature", "properties": { "fid": 65, "CODE_WUTS5": "W22127", "CODE_ISO3": "HND", "NAME": "Honduras", "CODE_WUTS4": "W2212", "CODE_WUTS3": "W221", "CODE_WUTS2": "W22", "CODE_WUTS1": "W2", "CODE_WUT_1": "W" }, "geometry": { "type": "MultiPolygon", "coordinates": [ [ [ [ -8311672.434214138425887, -929697.401741332840174 ], [ -8311971.312433749437332, -909612.459995750337839 ], [ -8351971.312433749437332, -729612.459995750337839 ], [ -8410231.810480624437332, -693715.243198875337839 ], [ -8475217.162043124437332, -499937.167027000337839 ], [ -8555593.882629243656993, -436193.748892940289807 ], [ -8480407.248696757480502, -350659.717156614467967 ], [ -8477491.331964999437332, -308480.868198875337839 ], [ -8433784.056574374437332, -152550.692417625337839 ], [ -8424346.800714999437332, -101987.948277000337839 ], [ -8353160.277277499437332, -120256.991245750337839 ], [ -8302896.605402499437332, -193054.842808250337839 ], [ -8257385.825442707166076, -198230.573021244665142 ], [ -8231088.514277466572821, -813079.046805294696242 ], [ -8294385.919871110469103, -929668.281878599431366 ], [ -8311672.434214138425887, -929697.401741332840174 ] ] ] ] } },
{ "type": "Feature", "properties": { "fid": 66, "CODE_WUTS5": "W11223", "CODE_ISO3": "HRV", "NAME": "Croatia", "CODE_WUTS4": "W1122", "CODE_WUTS3": "W112", "CODE_WUTS2": "W11", "CODE_WUTS1": "W1", "CODE_WUT_1": "W" }, "geometry": { "type": "MultiPolygon", "coordinates": [ [ [ [ 1191422.246006504865363, -4831254.704469904303551 ], [ 1303399.781316250562668, -4789734.530308250337839 ], [ 1333399.781316250562668, -4672830.233433250337839 ], [ 1375653.199285000562668, -4661987.948277000337839 ], [ 1527134.742257020436227, -4686589.289879560470581 ], [ 1615653.199285000562668, -4661987.948277000337839 ], [ 1635653.199285000562668, -4741987.948277000337839 ], [ 1464581.421941250562668, -4780269.198277000337839 ], [ 1392970.093816250562668, -4820222.811558250337839 ], [ 1429232.300847500562668, -4918963.045933250337839 ], [ 1555994.996160000562668, -4975527.987339500337839 ], [ 1549345.950656499015167, -4987444.885747998952866 ], [ 1549260.238790807547048, -4987383.260506000369787 ], [ 1492676.511928176507354, -4998711.951267383061349 ], [ 1345521.985079594654962, -4938368.008602856658399 ], [ 1266122.060521007282659, -4858968.084044269286096 ], [ 1211071.44616038678214, -4887552.056885360740125 ], [ 1191422.246006504865363, -4831254.704469904303551 ] ] ] ] } },
{ "type": "Feature", "properties": { "fid": 67, "CODE_WUTS5": "W22128", "CODE_ISO3": "HTI", "NAME": "Haiti", "CODE_WUTS4": "W2212", "CODE_WUTS3": "W221", "CODE_WUTS2": "W22", "CODE_WUTS1": "W2", "CODE_WUT_1": "W" }, "geometry": { "type": "MultiPolygon", "coordinates": [ [ [ [ -7434908.769553419202566, -2476562.526535421144217 ], [ -7603447.191659148782492, -2494036.83578344527632 ], [ -7603542.957793962210417, -2493702.444659233558923 ], [ -7709675.83136825915426, -2130282.850531356409192 ], [ -7662000.413321252912283, -2130256.406277650501579 ], [ -7571777.351114652119577, -2384536.475963616278023 ], [ -7492121.783390020020306, -2346736.808591049630195 ], [ -7511751.216532554477453, -2219145.493164571933448 ], [ -7457154.824996642768383, -2215828.416771340649575 ], [ -7434908.769553419202566, -2476562.526535421144217 ] ] ] ] } },
{ "type": "Feature", "properties": { "fid": 68, "CODE_WUTS5": "W11213", "CODE_ISO3": "HUN", "NAME": "Hungary", "CODE_WUTS4": "W1121", "CODE_WUTS3": "W112", "CODE_WUTS2": "W11", "CODE_WUTS1": "W1", "CODE_WUT_1": "W" }, "geometry": { "type": "MultiPolygon", "coordinates": [ [ [ [ 1375653.199285000562668, -4661987.948277000337839 ], [ 1375653.199285000562668, -4621987.948277000337839 ], [ 1335653.199285000562668, -4621987.948277000337839 ], [ 1350943.726628750562668, -4585584.139683250337839 ], [ 1341048.707097500562668, -4541448.397495750337839 ], [ 1355653.199285000562668, -4481987.948277000337839 ], [ 1508971.070378750562668, -4455305.819370750337839 ], [ 1666773.804753750562668, -4313103.670933250337839 ], [ 1755653.199285000562668, -4301987.948277000337839 ], [ 1815653.199285000562668, -4301987.948277000337839 ], [ 1815653.199285000562668, -4321987.948277000337839 ], [ 1695653.199285000562668, -4601987.948277000337839 ], [ 1628328.980535000562668, -4612598.299839500337839 ], [ 1615653.199285000562668, -4661987.948277000337839 ], [ 1527134.742257020436227, -4686589.289879560470581 ], [ 1375653.199285000562668, -4661987.948277000337839 ] ] ] ] } },
{ "type": "Feature", "properties": { "fid": 69, "CODE_WUTS5": "W32210", "CODE_ISO3": "IDN", "NAME": "Indonesia", "CODE_WUTS4": "W3221", "CODE_WUTS3": "W322", "CODE_WUTS2": "W32", "CODE_WUTS1": "W3", "CODE_WUT_1": "W" }, "geometry": { "type": "MultiPolygon", "coordinates": [ [ [ [ 7916390.132929479703307, 6091122.838944897055626 ], [ 7825958.381937106139958, 6015190.669451201334596 ], [ 7640764.640523659996688, 6062213.72345032915473 ], [ 7771449.092585057020187, 6226258.735320503823459 ], [ 7856834.828027193434536, 6159983.660238166339695 ], [ 7942364.471774942241609, 6252776.800269239582121 ], [ 8008822.843990799039602, 6270495.928345693275332 ], [ 8067416.926660738885403, 6208985.544632530771196 ], [ 8000735.01165275182575, 6085229.411277406848967 ], [ 7916390.132929479703307, 6091122.838944897055626 ] ] ], [ [ [ 10271371.905343569815159, 2953346.633396600373089 ], [ 10198401.850440574809909, 3513779.609421376604587 ], [ 9847094.766574822366238, 4358586.449969328008592 ], [ 9933182.100799145177007, 4499283.828890096396208 ], [ 10317302.767809065058827, 3310950.891374097205698 ], [ 10330268.334232004359365, 2890524.103412030264735 ], [ 10271371.905343569815159, 2953346.633396600373089 ] ] ], [ [ [ 6496201.379221871495247, 8003596.099630483426154 ], [ 6896246.461003750562668, 8521510.586879249662161 ], [ 6992110.527574644424021, 8318722.886455041356385 ], [ 7272180.611589047126472, 8096497.961751292459667 ], [ 7144228.021382978186011, 8121396.910440375097096 ], [ 7057180.960765142925084, 7908027.447767315432429 ], [ 7486345.436703475192189, 7190569.892649903893471 ], [ 7585576.429676491767168, 7200715.308699487708509 ], [ 7638244.351309655234218, 7128421.099995397031307 ], [ 7646469.634436153806746, 6924980.407410479150712 ], [ 7573831.837606584653258, 6847221.66918658092618 ], [ 7639752.696280007250607, 6684317.280375232920051 ], [ 7624380.344267052598298, 6560032.721577781252563 ], [ 7291917.781474890187383, 6997757.05008465051651 ], [ 7381824.464783353731036, 7159912.068541211076081 ], [ 7158438.560457856394351, 7433824.801334131509066 ], [ 7030955.812508754432201, 7237189.156845995225012 ], [ 6990645.951250328682363, 7481714.257074211724102 ], [ 6862412.124089115299284, 7536057.000756581313908 ], [ 6496201.379221871495247, 8003596.099630483426154 ] ] ], [ [ [ 9301017.120366768911481, 6152333.39529347512871 ], [ 9119512.462350942194462, 6193666.570097825489938 ], [ 9047540.354259395971894, 6154425.953114327974617 ], [ 8952658.12700910679996, 6251819.500574420206249 ], [ 9012680.804905120283365, 6326609.573961256071925 ], [ 9301017.120366768911481, 6152333.39529347512871 ] ] ], [ [ [ 9237974.18123946711421, 3260366.837935010902584 ], [ 9287926.148503750562668, 3331985.440394874662161 ], [ 9252000.855535000562668, 3613055.997035499662161 ], [ 8976649.293035000562668, 4061209.073207374662161 ], [ 8563421.753972500562668, 4184104.581019874662161 ], [ 8491586.462642347440124, 4395133.623016643337905 ], [ 8641317.386774808168411, 4578278.166024214588106 ], [ 8664845.138168161734939, 4722667.317995999008417 ], [ 8808230.143079895526171, 4576964.982288048602641 ], [ 8903822.788775416091084, 4636889.83662692643702 ], [ 9110637.629201551899314, 4510717.254862044006586 ], [ 9318567.35759973526001, 4583523.293624461628497 ], [ 9647928.7293796017766, 3576535.637845814693719 ], [ 9340807.999800194054842, 3209804.631748365238309 ], [ 9237974.18123946711421, 3260366.837935010902584 ] ] ], [ [ [ 9767455.030476087704301, 4813724.096765810623765 ], [ 9630656.193292275071144, 5190067.261524481698871 ], [ 9698822.990357711911201, 5246975.514153424650431 ], [ 9870136.708834640681744, 4790952.593841600231826 ], [ 9892932.697597386315465, 4631121.504916620440781 ], [ 9767455.030476087704301, 4813724.096765810623765 ] ] ], [ [ [ 9555841.300150560215116, 5393384.371102007105947 ], [ 9474551.095729578286409, 5564358.866784766316414 ], [ 9276944.056134289130569, 5874627.666846169158816 ], [ 9288207.469907328486443, 5954431.018409880809486 ], [ 9584940.887499988079071, 5623353.384393071755767 ], [ 9637837.303459579125047, 5408480.6915840562433 ], [ 9555841.300150560215116, 5393384.371102007105947 ] ] ], [ [ [ 8820904.877320785075426, 5261325.801527409814298 ], [ 8931847.406282255426049, 5208878.049818964675069 ], [ 9166152.969574209302664, 5388018.797042247839272 ], [ 9227845.38304871506989, 5225222.49009077437222 ], [ 9061749.755775662139058, 5178775.8372552851215 ], [ 9076332.804096143692732, 5018568.082749250344932 ], [ 8634624.354357762262225, 4980105.8401043061167 ], [ 8475187.521238178014755, 5097200.302429086528718 ], [ 8248939.500967048108578, 5531634.23331640381366 ], [ 8278896.926964819431305, 5518240.55517191067338 ], [ 8471682.179358690977097, 5265159.682702518068254 ], [ 8558096.227008536458015, 5378217.539305578917265 ], [ 8434499.204480923712254, 5513783.265611311420798 ], [ 8467740.06681071780622, 5569888.561273680999875 ], [ 8697713.876607121899724, 5373166.461492214351892 ], [ 8818528.795221511274576, 5573098.969490930438042 ], [ 8773558.291122041642666, 5695645.714640924707055 ], [ 8881635.522330915555358, 5742301.85208379663527 ], [ 8965896.690884942188859, 5589353.291980641894042 ], [ 8820904.877320785075426, 5261325.801527409814298 ] ] ], [ [ [ 9891745.404899738729, 2655509.721137084066868 ], [ 9811237.291766421869397, 2798377.058201459236443 ], [ 9895898.496804498136044, 2947550.69119167746976 ], [ 9960779.189320696517825, 2834474.753567107021809 ], [ 10153543.584892826154828, 2883208.695780984591693 ], [ 10269144.892645295709372, 2656406.058307502418756 ], [ 9884796.806864071637392, 1726968.185085261473432 ], [ 9884689.006591375917196, 1726824.919223221950233 ], [ 9879353.882210722193122, 1717116.148476474219933 ], [ 9879332.649756360799074, 1717009.405720152659342 ], [ 9791516.194754717871547, 1574662.503357873763889 ], [ 9668111.816952306777239, 1493047.998701713047922 ], [ 9639439.820958606898785, 1283116.897371407598257 ], [ 9585919.756936488673091, 1281847.019597404170781 ], [ 9393571.659263832494617, 943168.402684071450494 ], [ 9376720.170667879283428, 1249530.592159152030945 ], [ 9598932.96993294544518, 1747120.224500058218837 ], [ 9560218.686715591698885, 1964515.814874426927418 ], [ 9891745.404899738729, 2655509.721137084066868 ] ] ] ] } },
{ "type": "Feature", "properties": { "fid": 70, "CODE_WUTS5": "W31210", "CODE_ISO3": "IND", "NAME": "India", "CODE_WUTS4": "W3121", "CODE_WUTS3": "W312", "CODE_WUTS2": "W31", "CODE_WUTS1": "W3", "CODE_WUT_1": "W" }, "geometry": { "type": "MultiPolygon", "coordinates": [ [ [ [ 6859817.762573836371303, -2733379.374371214769781 ], [ 6825853.394597500562668, -2649050.936558250337839 ], [ 6905453.003972500562668, -2377948.641636375337839 ], [ 6823499.878972500562668, -2352188.143589500337839 ], [ 6567557.496160000562668, -2445901.522495750337839 ], [ 6499520.386785000562668, -2342128.329136375337839 ], [ 6566178.101628750562668, -2212735.018589500337839 ], [ 6206139.039128750562668, -1651267.733433250337839 ], [ 6108763.550847500562668, -1725155.672886375337839 ], [ 5926287.964910000562668, -1687780.184605125337839 ], [ 6005453.003972500562668, -1426848.788120750337839 ], [ 5935653.199285000562668, -1301987.948277000337839 ], [ 6280875.367253750562668, -1156917.147495750337839 ], [ 6320985.230535000562668, -1252102.694370750337839 ], [ 6388453.492253750562668, -1270881.991245750337839 ], [ 6575653.199285000562668, -1021987.948277000337839 ], [ 6686475.953191250562668, -1191244.540073875337839 ], [ 6894325.074285000562668, -918905.672886375337839 ], [ 7073524.293035000562668, -284017.977573875337839 ], [ 6915653.199285000562668, -221987.948277000337839 ], [ 6879752.320378750562668, -150020.174839500337839 ], [ 6935653.199285000562668, -121987.948277000337839 ], [ 6975653.199285000562668, -141987.948277000337839 ], [ 7027882.203191250562668, -125585.360386375337839 ], [ 7042916.382878750562668, 196166.348597999662161 ], [ 6915653.199285000562668, 198012.051722999662161 ], [ 6738114.136785000562668, 526987.881801124662161 ], [ 6729369.019597500562668, 763162.198207374662161 ], [ 6805767.945378750562668, 794429.288051124662161 ], [ 6815653.199285000562668, 898012.051722999662161 ], [ 7020199.097722500562668, 646060.147426124662161 ], [ 7301593.140691250562668, 564342.618129249662161 ], [ 7349010.132878750562668, 458076.748988624662161 ], [ 7535653.199285000562668, 358012.051722999662161 ], [ 7408114.136785000562668, 278690.762660499662161 ], [ 7447406.128972500562668, 206383.633754249662161 ], [ 7394859.742253750562668, 159434.170863624662161 ], [ 7229527.711003750562668, 246454.434535499662161 ], [ 7203040.894597500562668, 20353.360316749662161 ], [ 7095748.414128750562668, -115357.088902000337839 ], [ 7135807.007878750562668, -189075.350620750337839 ], [ 7205848.511785000562668, -151013.827183250337839 ], [ 7257098.511785000562668, -208373.446323875337839 ], [ 7541260.089425670914352, -121779.45714536527521 ], [ 7603182.910170833580196, -398008.895129422424361 ], [ 7735156.17094639968127, -471903.169437692966312 ], [ 8151884.745003571733832, -1444345.708291590912268 ], [ 8403989.755675483494997, -1450053.978408935014158 ], [ 8696150.903138602152467, -1608908.308630056213588 ], [ 8870462.535912433639169, -1965110.340820058248937 ], [ 8815655.29368125833571, -2036095.306433252757415 ], [ 7932424.435256280936301, -2303817.345428125467151 ], [ 7288689.087902659550309, -2258145.599370861891657 ], [ 7214031.784568510949612, -2578580.290539481677115 ], [ 6859817.762573836371303, -2733379.374371214769781 ] ] ] ] } },
{ "type": "Feature", "properties": { "fid": 71, "CODE_WUTS5": "W11115", "CODE_ISO3": "IRL", "NAME": "Ireland", "CODE_WUTS4": "W1111", "CODE_WUTS3": "W111", "CODE_WUTS2": "W11", "CODE_WUTS1": "W1", "CODE_WUT_1": "W" }, "geometry": { "type": "MultiPolygon", "coordinates": [ [ [ [ -559556.113436482846737, -3917833.682951654307544 ], [ -555208.617121249437332, -3952704.501011375337839 ], [ -459079.03574658249272, -3988102.640902565792203 ], [ -472296.148794098291546, -4134845.841839337255806 ], [ -686965.670005725347437, -4219278.979633863084018 ], [ -723753.451647031470202, -4184186.664956522639841 ], [ -694309.946161859901622, -4128698.995302074588835 ], [ -668116.516194651718251, -3967893.107271489221603 ], [ -559556.113436482846737, -3917833.682951654307544 ] ] ] ] } },
{ "type": "Feature", "properties": { "fid": 72, "CODE_WUTS5": "W12223", "CODE_ISO3": "IRN", "NAME": "Iran, Islamic Rep. of", "CODE_WUTS4": "W1222", "CODE_WUTS3": "W122", "CODE_WUTS2": "W12", "CODE_WUTS1": "W1", "CODE_WUT_1": "W" }, "geometry": { "type": "MultiPolygon", "coordinates": [ [ [ [ 4754639.253328159451485, -3444748.917485615238547 ], [ 4788924.683660000562668, -3216227.450230125337839 ], [ 5220955.933660000562668, -2879867.586948875337839 ], [ 5335653.199285000562668, -2921987.948277000337839 ], [ 5578809.937566250562668, -3150156.893589500337839 ], [ 5795086.793035000562668, -3097024.569370750337839 ], [ 5875653.199285000562668, -3241987.948277000337839 ], [ 6104239.625066250562668, -3153638.338902000337839 ], [ 6282005.738347500562668, -3199240.145542625337839 ], [ 6250326.050847500562668, -3359558.749058250337839 ], [ 6336019.381776445545256, -3402084.957820018287748 ], [ 6027227.213686602190137, -3820225.457403274718672 ], [ 5835614.919633471406996, -3821310.567534787580371 ], [ 5722842.74639930576086, -4103748.04025173233822 ], [ 5394464.799004388041794, -4278309.162510274909437 ], [ 5122066.01720870193094, -4257832.714026520960033 ], [ 5005806.558186623267829, -4412402.961540750227869 ], [ 4434012.574285000562668, -4379981.112339500337839 ], [ 4378512.086003750562668, -4213081.698277000337839 ], [ 4115653.199285000562668, -4181987.948277000337839 ], [ 3926397.828191250562668, -4041655.917027000337839 ], [ 3955653.199285000562668, -3961987.948277000337839 ], [ 3975653.199285000562668, -3961987.948277000337839 ], [ 4052515.992253750562668, -4010881.991245750337839 ], [ 4174351.929753750562668, -3784363.436558250337839 ], [ 4279487.391726191155612, -3797440.182583437301219 ], [ 4675262.839584733359516, -3715804.734628500416875 ], [ 4754639.253328159451485, -3444748.917485615238547 ] ] ] ] } },
{ "type": "Feature", "properties": { "fid": 73, "CODE_WUTS5": "W12224", "CODE_ISO3": "IRQ", "NAME": "Iraq", "CODE_WUTS4": "W1222", "CODE_WUTS3": "W122", "CODE_WUTS2": "W12", "CODE_WUTS1": "W1", "CODE_WUT_1": "W" }, "geometry": { "type": "MultiPolygon", "coordinates": [ [ [ [ 4055653.199285000562668, -4981987.948277000337839 ], [ 3955653.199285000562668, -4921987.948277000337839 ], [ 4064696.168035000562668, -4663777.499058250337839 ], [ 3975653.199285000562668, -4361987.948277000337839 ], [ 4115653.199285000562668, -4181987.948277000337839 ], [ 4378512.086003750562668, -4213081.698277000337839 ], [ 4434012.574285000562668, -4379981.112339500337839 ], [ 5005806.558186623267829, -4412402.961540750227869 ], [ 5012411.468870614655316, -4450896.047569342888892 ], [ 4950828.980535000562668, -4455347.323277000337839 ], [ 4892176.636785000562668, -4583140.292027000337839 ], [ 4935653.199285000562668, -4621987.948277000337839 ], [ 4789764.527410000562668, -4802998.690464500337839 ], [ 4055653.199285000562668, -4981987.948277000337839 ] ] ] ] } },
{ "type": "Feature", "properties": { "fid": 74, "CODE_WUTS5": "W11116", "CODE_ISO3": "ISL", "NAME": "Iceland", "CODE_WUTS4": "W1111", "CODE_WUTS3": "W111", "CODE_WUTS2": "W11", "CODE_WUTS1": "W1", "CODE_WUT_1": "W" }, "geometry": { "type": "MultiPolygon", "coordinates": [ [ [ [ -939256.666525515611283, -2787105.29910935787484 ], [ -1129107.716004608897492, -2571997.431565125007182 ], [ -1054763.471263768151402, -2460002.339315103366971 ], [ -895880.377031923388131, -2561376.490278034470975 ], [ -725227.270376316504553, -2555353.991022173315287 ], [ -671761.926700275857002, -2691186.670690327882767 ], [ -939256.666525515611283, -2787105.29910935787484 ] ] ] ] } },
{ "type": "Feature", "properties": { "fid": 75, "CODE_WUTS5": "W12122", "CODE_ISO3": "ISR", "NAME": "Israel", "CODE_WUTS4": "W1212", "CODE_WUTS3": "W121", "CODE_WUTS2": "W12", "CODE_WUTS1": "W1", "CODE_WUT_1": "W" }, "geometry": { "type": "MultiPolygon", "coordinates": [ [ [ [ 3735653.199285000562668, -5181987.948277000337839 ], [ 3735653.199285000562668, -5221987.948277000337839 ], [ 3686250.872735454235226, -5234448.098117049783468 ], [ 3740868.043035000562668, -5365982.088902000337839 ], [ 3775653.199285000562668, -5321987.948277000337839 ], [ 3853468.474400489591062, -5526980.294435367919505 ], [ 3842771.080097056459635, -5531207.88747401162982 ], [ 3677512.522471865639091, -5415727.337095500901341 ], [ 3647615.799392058048397, -5189705.75023203715682 ], [ 3681016.569599878042936, -5136669.153562105260789 ], [ 3693613.354837176389992, -5137668.898422208614647 ], [ 3735653.199285000562668, -5181987.948277000337839 ] ] ] ] } },
{ "type": "Feature", "properties": { "fid": 76, "CODE_WUTS5": "W11133", "CODE_ISO3": "ITA", "NAME": "Italy", "CODE_WUTS4": "W1113", "CODE_WUTS3": "W111", "CODE_WUTS2": "W11", "CODE_WUTS1": "W1", "CODE_WUT_1": "W" }, "geometry": { "type": "MultiPolygon", "coordinates": [ [ [ [ 1482874.556570743443444, -5588865.464015649631619 ], [ 1527062.771066152025014, -5613721.334669317118824 ], [ 1521539.244254225865006, -5753190.386670450679958 ], [ 1232934.96833108831197, -5709002.172175042331219 ], [ 1226030.559816180728376, -5652386.022352799773216 ], [ 1482874.556570743443444, -5588865.464015649631619 ] ] ], [ [ [ 790987.921110804192722, -5462271.404694599099457 ], [ 920790.801191067090258, -5409797.899981300346553 ], [ 973264.305904364911839, -5648690.434597103856504 ], [ 853127.597744972561486, -5683212.477171641774476 ], [ 790987.921110804192722, -5462271.404694599099457 ] ] ], [ [ [ 672011.080585399293341, -5104055.468530625104904 ], [ 608512.086003750562668, -5039866.366245750337839 ], [ 595653.199285000562668, -4861987.948277000337839 ], [ 706119.507878750562668, -4848172.030308250337839 ], [ 784869.507878750562668, -4790647.616245750337839 ], [ 863043.336003750562668, -4786094.393589500337839 ], [ 875653.199285000562668, -4741987.948277000337839 ], [ 968910.035222500562668, -4693819.002964500337839 ], [ 1135653.199285000562668, -4721987.948277000337839 ], [ 1151437.012810279848054, -4783451.591872155666351 ], [ 1056359.329678154550493, -4828958.677252518944442 ], [ 1070112.591002749511972, -4984702.778701112605631 ], [ 1286459.674949070904404, -5159234.190785458311439 ], [ 1673074.791904567740858, -5259359.923752337694168 ], [ 1588076.13332915562205, -5283431.199195225723088 ], [ 1575368.00645060907118, -5323144.574751951731741 ], [ 1641642.111524441977963, -5401816.856999780982733 ], [ 1573819.561489775776863, -5575843.089603345841169 ], [ 1558543.885164103470743, -5547621.759814121760428 ], [ 1581430.390773533377796, -5419307.14868891518563 ], [ 1431366.583155307220295, -5308806.820774254389107 ], [ 1056756.395313060609624, -5208196.931685619056225 ], [ 1056626.47262246767059, -5208152.78676472324878 ], [ 1056569.278684849618003, -5208122.215968157164752 ], [ 1056477.872269119368866, -5208093.622618086636066 ], [ 1000100.96882627136074, -5182425.225484787486494 ], [ 958198.534369870787486, -5181522.73124822974205 ], [ 921993.984916437766515, -5044189.421824121847749 ], [ 788662.687652712920681, -5004399.53662081528455 ], [ 672011.080585399293341, -5104055.468530625104904 ] ] ] ] } },
{ "type": "Feature", "properties": { "fid": 77, "CODE_WUTS5": "W22129", "CODE_ISO3": "JAM", "NAME": "Jamaica", "CODE_WUTS4": "W2212", "CODE_WUTS3": "W221", "CODE_WUTS2": "W22", "CODE_WUTS1": "W2", "CODE_WUT_1": "W" }, "geometry": { "type": "MultiPolygon", "coordinates": [ [ [ [ -7779898.196506425738335, -1911459.211648179916665 ], [ -7803365.408291085623205, -1805054.253009390318766 ], [ -7849487.609826230444014, -1771957.302833708003163 ], [ -7829879.849401171319187, -1598048.569651831639931 ], [ -7774754.572481782175601, -1601183.502679460449144 ], [ -7727119.278203427791595, -1894843.378889649175107 ], [ -7779898.196506425738335, -1911459.211648179916665 ] ] ] ] } },
{ "type": "Feature", "properties": { "fid": 78, "CODE_WUTS5": "W12123", "CODE_ISO3": "JOR", "NAME": "Jordan", "CODE_WUTS4": "W1212", "CODE_WUTS3": "W121", "CODE_WUTS2": "W12", "CODE_WUTS1": "W1", "CODE_WUT_1": "W" }, "geometry": { "type": "MultiPolygon", "coordinates": [ [ [ [ 3853468.474400489591062, -5526980.294435367919505 ], [ 3775653.199285000562668, -5321987.948277000337839 ], [ 3735653.199285000562668, -5221987.948277000337839 ], [ 3735653.199285000562668, -5181987.948277000337839 ], [ 3860374.878972500562668, -5120689.120152000337839 ], [ 3955653.199285000562668, -4921987.948277000337839 ], [ 4055653.199285000562668, -4981987.948277000337839 ], [ 3966397.828191250562668, -5160903.963902000337839 ], [ 4064908.570378750562668, -5261655.917027000337839 ], [ 3982535.523503750562668, -5485552.401402000337839 ], [ 3876496.634766699746251, -5532717.069236863404512 ], [ 3853468.474400489591062, -5526980.294435367919505 ] ] ] ] } },
{ "type": "Feature", "properties": { "fid": 79, "CODE_WUTS5": "W32110", "CODE_ISO3": "JPN", "NAME": "Japan", "CODE_WUTS4": "W3211", "CODE_WUTS3": "W321", "CODE_WUTS2": "W32", "CODE_WUTS1": "W3", "CODE_WUT_1": "W" }, "geometry": { "type": "MultiPolygon", "coordinates": [ [ [ [ 3853288.817976375576109, 4349890.104057373479009 ], [ 3757689.704680813010782, 4411131.631096024997532 ], [ 3462193.523909538052976, 4216386.803999089635909 ], [ 3484826.102884767577052, 4416091.528254642151296 ], [ 3916453.975048373453319, 4685675.741476954892278 ], [ 4199439.033932289108634, 4475368.710820361971855 ], [ 4391832.628627150319517, 4491079.102172832936049 ], [ 4422806.607662614434958, 4404191.307549132034183 ], [ 4686296.286553123965859, 4322814.39745637960732 ], [ 4725176.426907425746322, 4228489.846149726770818 ], [ 4987250.904283952899277, 4304470.153962399810553 ], [ 4899757.058111923746765, 4065044.552325185853988 ], [ 4446272.214794860221446, 4171950.602681423537433 ], [ 4245348.462170048616827, 4345073.395156297832727 ], [ 4018876.531501535791904, 4312685.191229693591595 ], [ 3976553.011476378887892, 4402145.102744024246931 ], [ 3853288.817976375576109, 4349890.104057373479009 ] ] ], [ [ [ 3297675.335763392038643, 4080170.08409994514659 ], [ 3226636.63394959596917, 4073217.349900055676699 ], [ 3082948.0738675147295, 3932156.062809052411467 ], [ 2978046.342812194023281, 4206089.509453795850277 ], [ 3204916.611157848965377, 4242449.996243306435645 ], [ 3297742.600736876018345, 4135462.760321640409529 ], [ 3297675.335763392038643, 4080170.08409994514659 ] ] ] ] } },
{ "type": "Feature", "properties": { "fid": 80, "CODE_WUTS5": "W12211", "CODE_ISO3": "KAZ", "NAME": "Kazakhstan", "CODE_WUTS4": "W1221", "CODE_WUTS3": "W122", "CODE_WUTS2": "W12", "CODE_WUTS1": "W1", "CODE_WUT_1": "W" }, "geometry": { "type": "MultiPolygon", "coordinates": [ [ [ [ 4160611.695378750562668, -2807525.057652000337839 ], [ 4475653.199285000562668, -3041987.948277000337839 ], [ 4460255.250066250562668, -3101986.727573875337839 ], [ 4341744.507878750562668, -3075419.344761375337839 ], [ 4271876.343816250562668, -3165570.711948875337839 ], [ 4282724.280681080184877, -3173060.659170036669821 ], [ 4260276.017055937089026, -3235321.943306492641568 ], [ 4206371.806539223529398, -3193753.859576529357582 ], [ 3928432.047760792542249, -3208435.939695293083787 ], [ 3956522.628818438854069, -2975359.312896095681936 ], [ 3819970.218315998557955, -2888770.732881898060441 ], [ 3693260.725310453679413, -3027010.936687553301454 ], [ 3678545.026656987145543, -3177025.152761733159423 ], [ 3384137.086003750562668, -3176250.643589500337839 ], [ 3266214.722722500562668, -3008290.438511375337839 ], [ 3330926.636785000562668, -2950470.614292625337839 ], [ 3317279.175847500562668, -2721504.549839500337839 ], [ 3431053.589910000562668, -2574691.805698875337839 ], [ 3554154.175847500562668, -2546050.448277000337839 ], [ 3825091.675847500562668, -2044248.690464500337839 ], [ 3696703.003972500562668, -2090315.584995750337839 ], [ 3548831.910222500562668, -1907529.940464500337839 ], [ 3668646.363347500562668, -1270377.840855125337839 ], [ 3786571.168035000562668, -1277406.649448875337839 ], [ 3786617.554753750562668, -1225800.204136375337839 ], [ 3907555.054753750562668, -1173889.803745750337839 ], [ 3896568.726628750562668, -929564.852573875337839 ], [ 4282684.449285000562668, -767730.135777000337839 ], [ 4323292.359441250562668, -502381.014683250337839 ], [ 4555653.199285000562668, -241987.948277000337839 ], [ 4771844.605535000562668, -384927.401402000337839 ], [ 4756700.562566250562668, -573406.405308250337839 ], [ 4943997.925847500562668, -681392.245152000337839 ], [ 4934554.566472500562668, -860111.727573875337839 ], [ 5235653.199285000562668, -921987.948277000337839 ], [ 5168536.500066250562668, -1007725.252964500337839 ], [ 5028436.402410000562668, -1414857.821323875337839 ], [ 5053829.468816250562668, -1543360.018589500337839 ], [ 4987303.589910000562668, -1687333.407261375337839 ], [ 5035653.199285000562668, -1721987.948277000337839 ], [ 5098224.000066250562668, -2014456.209995750337839 ], [ 4973658.570378750562668, -2148895.907261375337839 ], [ 4775916.871160000562668, -2148827.547886375337839 ], [ 4682384.156316250562668, -2192969.393589500337839 ], [ 4575416.382878750562668, -2419624.667027000337839 ], [ 4452402.53478738386184, -2485496.642314362339675 ], [ 4346839.133394192904234, -2476970.347286646720022 ], [ 4277669.143273010849953, -2561349.568065842147917 ], [ 4160611.695378750562668, -2807525.057652000337839 ] ] ] ] } },
{ "type": "Feature", "properties": { "fid": 81, "CODE_WUTS5": "W13215", "CODE_ISO3": "KEN", "NAME": "Kenya", "CODE_WUTS4": "W1321", "CODE_WUTS3": "W132", "CODE_WUTS2": "W13", "CODE_WUTS1": "W1", "CODE_WUT_1": "W" }, "geometry": { "type": "MultiPolygon", "coordinates": [ [ [ [ 6115687.378972500562668, -7418023.104527000337839 ], [ 6191710.328191250562668, -7242730.135777000337839 ], [ 6375653.199285000562668, -7161987.948277000337839 ], [ 6360355.347722500562668, -7317564.120152000337839 ], [ 6698967.744194881990552, -7626240.252835826016963 ], [ 6637181.417513504624367, -7844343.761156547814608 ], [ 6619730.950146996416152, -8173559.963723566383123 ], [ 5682150.67010192759335, -8365651.493846292607486 ], [ 5582857.44923915527761, -8262558.093418198637664 ], [ 5628641.480535000562668, -8010044.588902000337839 ], [ 5335653.199285000562668, -7901987.948277000337839 ], [ 5535653.199285000562668, -7681987.948277000337839 ], [ 6115687.378972500562668, -7418023.104527000337839 ] ] ] ] } },
{ "type": "Feature", "properties": { "fid": 82, "CODE_WUTS5": "W12212", "CODE_ISO3": "KGZ", "NAME": "Kyrgyzstan", "CODE_WUTS4": "W1221", "CODE_WUTS3": "W122", "CODE_WUTS2": "W12", "CODE_WUTS1": "W1", "CODE_WUT_1": "W" }, "geometry": { "type": "MultiPolygon", "coordinates": [ [ [ [ 5235653.199285000562668, -1841987.948277000337839 ], [ 5240169.800847500562668, -1657525.057652000337839 ], [ 5151043.824285000562668, -1677505.526402000337839 ], [ 5101004.761785000562668, -1765172.762730125337839 ], [ 5035653.199285000562668, -1721987.948277000337839 ], [ 4987303.589910000562668, -1687333.407261375337839 ], [ 5053829.468816250562668, -1543360.018589500337839 ], [ 5028436.402410000562668, -1414857.821323875337839 ], [ 5168536.500066250562668, -1007725.252964500337839 ], [ 5235653.199285000562668, -921987.948277000337839 ], [ 5347933.472722500562668, -1299625.887730125337839 ], [ 5329083.375066250562668, -1484562.411167625337839 ], [ 5415653.199285000562668, -1601987.948277000337839 ], [ 5296114.625066250562668, -1865227.694370750337839 ], [ 5235653.199285000562668, -1841987.948277000337839 ] ] ] ] } },
{ "type": "Feature", "properties": { "fid": 83, "CODE_WUTS5": "W31331", "CODE_ISO3": "KHM", "NAME": "Cambodia", "CODE_WUTS4": "W3133", "CODE_WUTS3": "W313", "CODE_WUTS2": "W31", "CODE_WUTS1": "W3", "CODE_WUT_1": "W" }, "geometry": { "type": "MultiPolygon", "coordinates": [ [ [ [ 8115653.199285000562668, 2238012.051722999662161 ], [ 8139681.519597500562668, 2295219.082972999662161 ], [ 7995653.199285000562668, 2518012.051722999662161 ], [ 8240128.296941250562668, 2593192.715785499662161 ], [ 8375418.824285000562668, 2404779.629847999662161 ], [ 8426331.910222500562668, 2408870.206019874662161 ], [ 8557141.108860149979591, 2243585.683032103814185 ], [ 8563399.62093467079103, 2085042.021634739823639 ], [ 8420519.913463888689876, 1918439.859158996026963 ], [ 8420724.230200430378318, 1871878.851364615373313 ], [ 8323385.132878750562668, 1825587.735316749662161 ], [ 8213756.226628750562668, 1894254.727504249662161 ], [ 8115653.199285000562668, 2238012.051722999662161 ] ] ] ] } },
{ "type": "Feature", "properties": { "fid": 84, "CODE_WUTS5": "W32121", "CODE_ISO3": "KOR", "NAME": "Korea, Rep. of", "CODE_WUTS4": "W3212", "CODE_WUTS3": "W321", "CODE_WUTS2": "W32", "CODE_WUTS1": "W3", "CODE_WUT_1": "W" }, "geometry": { "type": "MultiPolygon", "coordinates": [ [ [ [ 4696385.869148518890142, 3461221.573524549603462 ], [ 4515776.544600419700146, 3551029.328416064381599 ], [ 4591336.974372469820082, 3751197.485054569784552 ], [ 4790665.973816219717264, 3838719.17137905349955 ], [ 4956440.207893465645611, 3660667.416795997414738 ], [ 4695545.211970340460539, 3498748.71122980536893 ], [ 4696385.869148518890142, 3461221.573524549603462 ] ] ] ] } },
{ "type": "Feature", "properties": { "fid": 85, "CODE_WUTS5": "W12225", "CODE_ISO3": "KWT", "NAME": "Kuwait", "CODE_WUTS4": "W1222", "CODE_WUTS3": "W122", "CODE_WUTS2": "W12", "CODE_WUTS1": "W1", "CODE_WUT_1": "W" }, "geometry": { "type": "MultiPolygon", "coordinates": [ [ [ [ 4935653.199285000562668, -4621987.948277000337839 ], [ 4892176.636785000562668, -4583140.292027000337839 ], [ 4950828.980535000562668, -4455347.323277000337839 ], [ 5012411.468870614655316, -4450896.047569342888892 ], [ 5039716.682847420684993, -4541502.993024757131934 ], [ 5090410.607417923398316, -4556831.787975152023137 ], [ 5081903.199285000562668, -4597144.198277000337839 ], [ 4935653.199285000562668, -4621987.948277000337839 ] ] ] ] } },
{ "type": "Feature", "properties": { "fid": 86, "CODE_WUTS5": "W31332", "CODE_ISO3": "LAO", "NAME": "Lao People's Dem.  Rep.", "CODE_WUTS4": "W3133", "CODE_WUTS3": "W313", "CODE_WUTS2": "W31", "CODE_WUTS1": "W3", "CODE_WUT_1": "W" }, "geometry": { "type": "MultiPolygon", "coordinates": [ [ [ [ 7615653.199285000562668, 1378012.051722999662161 ], [ 7495653.199285000562668, 1458012.051722999662161 ], [ 7484632.691472500562668, 1526188.321254249662161 ], [ 7375653.199285000562668, 1578012.051722999662161 ], [ 7488448.609441250562668, 1987268.643519874662161 ], [ 7600858.277410000562668, 1908755.459926124662161 ], [ 7853819.703191250562668, 2438350.186488624662161 ], [ 7995653.199285000562668, 2518012.051722999662161 ], [ 8139681.519597500562668, 2295219.082972999662161 ], [ 8115653.199285000562668, 2238012.051722999662161 ], [ 8019906.128972500562668, 2237433.438441749662161 ], [ 7729669.312566250562668, 1894652.676722999662161 ], [ 7882721.070378750562668, 1552140.469691749662161 ], [ 7715611.695378750562668, 1527817.959926124662161 ], [ 7615653.199285000562668, 1378012.051722999662161 ] ] ] ] } },
{ "type": "Feature", "properties": { "fid": 87, "CODE_WUTS5": "W12124", "CODE_ISO3": "LBN", "NAME": "Lebanon", "CODE_WUTS4": "W1212", "CODE_WUTS3": "W121", "CODE_WUTS2": "W12", "CODE_WUTS1": "W1", "CODE_WUT_1": "W" }, "geometry": { "type": "MultiPolygon", "coordinates": [ [ [ [ 3688341.905487060081214, -5137250.529426167719066 ], [ 3681016.569599878042936, -5136669.153562105260789 ], [ 3647615.799392058048397, -5189705.75023203715682 ], [ 3612656.257706138305366, -4987524.785715566016734 ], [ 3685554.615037733688951, -4960410.152805643156171 ], [ 3688341.905487060081214, -5137250.529426167719066 ] ] ] ] } },
{ "type": "Feature", "properties": { "fid": 88, "CODE_WUTS5": "W13328", "CODE_ISO3": "LBR", "NAME": "Liberia", "CODE_WUTS4": "W1332", "CODE_WUTS3": "W133", "CODE_WUTS2": "W13", "CODE_WUTS1": "W1", "CODE_WUT_1": "W" }, "geometry": { "type": "MultiPolygon", "coordinates": [ [ [ [ -1841103.95338278519921, -9040407.092056332156062 ], [ -1644346.800714999437332, -8921987.948277000337839 ], [ -1496347.533136874437332, -8937085.604527000337839 ], [ -1500560.179621249437332, -9079317.049839500337839 ], [ -1324346.800714999437332, -9061987.948277000337839 ], [ -1335790.892511874437332, -9206145.663120750337839 ], [ -1231082.640558749437332, -9258745.760777000337839 ], [ -1230875.94291780795902, -9387113.761160125955939 ], [ -1457022.589076910400763, -9336578.405907496809959 ], [ -1841103.95338278519921, -9040407.092056332156062 ] ] ] ] } },
{ "type": "Feature", "properties": { "fid": 89, "CODE_WUTS5": "W12113", "CODE_ISO3": "LBY", "NAME": "Libyan Arab Jamahiriya", "CODE_WUTS4": "W1211", "CODE_WUTS3": "W121", "CODE_WUTS2": "W12", "CODE_WUTS1": "W1", "CODE_WUT_1": "W" }, "geometry": { "type": "MultiPolygon", "coordinates": [ [ [ [ 1515653.199285000562668, -7241987.948277000337839 ], [ 1183277.711003750562668, -7011553.377964500337839 ], [ 1095653.199285000562668, -6541987.948277000337839 ], [ 1158922.242253750562668, -6532017.245152000337839 ], [ 1272650.003181318519637, -6235746.404906605370343 ], [ 1651782.75718218786642, -6204587.785375905223191 ], [ 1784238.947233601706102, -6313825.507834625430405 ], [ 2212367.891708856914192, -6278808.677246656268835 ], [ 2223837.1856036670506, -6064953.997996488586068 ], [ 2300911.913836845196784, -5969867.258404004387558 ], [ 2757099.688472041394562, -5883827.037909852340817 ], [ 3195653.199285000562668, -6841987.948277000337839 ], [ 3278199.586003750562668, -7049148.592808250337839 ], [ 3195653.199285000562668, -7181987.948277000337839 ], [ 2018409.546941250562668, -7132671.542027000337839 ], [ 1935653.199285000562668, -7221987.948277000337839 ], [ 1515653.199285000562668, -7241987.948277000337839 ] ] ] ] } },
{ "type": "Feature", "properties": { "fid": 90, "CODE_WUTS5": "W31224", "CODE_ISO3": "LKA", "NAME": "Sri Lanka", "CODE_WUTS4": "W3122", "CODE_WUTS3": "W312", "CODE_WUTS2": "W31", "CODE_WUTS1": "W3", "CODE_WUT_1": "W" }, "geometry": { "type": "MultiPolygon", "coordinates": [ [ [ [ 9200814.959086701273918, -1551512.13678858964704 ], [ 9102087.445052253082395, -1608223.058844589162618 ], [ 8820851.294338660314679, -1535825.778231112053618 ], [ 8856669.321205193176866, -1466367.396337800193578 ], [ 9157309.609105432406068, -1341525.091192004270852 ], [ 9200814.959086701273918, -1551512.13678858964704 ] ] ] ] } },
{ "type": "Feature", "properties": { "fid": 91, "CODE_WUTS5": "W13423", "CODE_ISO3": "LSO", "NAME": "Lesotho", "CODE_WUTS4": "W1342", "CODE_WUTS3": "W134", "CODE_WUTS2": "W13", "CODE_WUTS1": "W1", "CODE_WUT_1": "W" }, "geometry": { "type": "MultiPolygon", "coordinates": [ [ [ [ 6255653.199285000562668, -11861987.948277 ], [ 6066214.722722500562668, -11829292.635777 ], [ 6308448.609441250562668, -11553609.042027 ], [ 6464598.511785000562668, -11544302.401402 ], [ 6468512.086003750562668, -11609964.022495750337839 ], [ 6255653.199285000562668, -11861987.948277 ] ] ] ] } },
{ "type": "Feature", "properties": { "fid": 92, "CODE_WUTS5": "W11214", "CODE_ISO3": "LTU", "NAME": "Lithuania", "CODE_WUTS4": "W1121", "CODE_WUTS3": "W112", "CODE_WUTS2": "W11", "CODE_WUTS1": "W1", "CODE_WUT_1": "W" }, "geometry": { "type": "MultiPolygon", "coordinates": [ [ [ [ 1595653.199285000562668, -3681987.948277000337839 ], [ 1568934.449285000562668, -3668706.698277000337839 ], [ 1515653.199285000562668, -3661987.948277000337839 ], [ 1515653.199285000562668, -3601987.948277000337839 ], [ 1394676.78319578897208, -3601987.948277000337839 ], [ 1386907.682617536745965, -3461809.618046663235873 ], [ 1612977.418035000562668, -3401836.581089500337839 ], [ 1735653.199285000562668, -3421987.948277000337839 ], [ 1706639.527410000562668, -3622273.592808250337839 ], [ 1595653.199285000562668, -3681987.948277000337839 ] ] ] ] } },
{ "type": "Feature", "properties": { "fid": 93, "CODE_WUTS5": "W11126", "CODE_ISO3": "LUX", "NAME": "Luxembourg", "CODE_WUTS4": "W1112", "CODE_WUTS3": "W111", "CODE_WUTS2": "W11", "CODE_WUTS1": "W1", "CODE_WUT_1": "W" }, "geometry": { "type": "MultiPolygon", "coordinates": [ [ [ [ 495653.199285000562668, -4501987.948277000337839 ], [ 435653.199285000562668, -4481987.948277000337839 ], [ 435653.199285000562668, -4441987.948277000337839 ], [ 475653.199285000562668, -4441987.948277000337839 ], [ 495653.199285000562668, -4441987.948277000337839 ], [ 495653.199285000562668, -4501987.948277000337839 ] ] ] ] } },
{ "type": "Feature", "properties": { "fid": 94, "CODE_WUTS5": "W11215", "CODE_ISO3": "LVA", "NAME": "Latvia", "CODE_WUTS4": "W1121", "CODE_WUTS3": "W112", "CODE_WUTS2": "W11", "CODE_WUTS1": "W1", "CODE_WUT_1": "W" }, "geometry": { "type": "MultiPolygon", "coordinates": [ [ [ [ 1492512.229427168611437, -3256443.711649026256055 ], [ 1675653.199285000562668, -3221987.948277000337839 ], [ 1760467.652410000562668, -3287453.036167625337839 ], [ 1775653.199285000562668, -3341987.948277000337839 ], [ 1735653.199285000562668, -3421987.948277000337839 ], [ 1612977.418035000562668, -3401836.581089500337839 ], [ 1386907.682617536745965, -3461809.618046663235873 ], [ 1383963.798337521729991, -3356751.019921356812119 ], [ 1438756.109135668957606, -3354163.444491313304752 ], [ 1495661.078029606491327, -3325218.445863509550691 ], [ 1496030.717710441444069, -3324526.898660891223699 ], [ 1496258.340702009154484, -3323776.52621949557215 ], [ 1492512.229427168611437, -3256443.711649026256055 ] ] ] ] } },
{ "type": "Feature", "properties": { "fid": 95, "CODE_WUTS5": "W12114", "CODE_ISO3": "MAR", "NAME": "Morocco", "CODE_WUTS4": "W1211", "CODE_WUTS3": "W121", "CODE_WUTS2": "W12", "CODE_WUTS1": "W1", "CODE_WUT_1": "W" }, "geometry": { "type": "MultiPolygon", "coordinates": [ [ [ [ -1044346.800714999437332, -6841987.948277000337839 ], [ -1494360.343050287105143, -6774020.651334077119827 ], [ -1243681.583205755334347, -6710612.969586405903101 ], [ -974925.537466975511052, -6304896.095558230765164 ], [ -713735.323024788987823, -6200311.814248708076775 ], [ -616065.631961165810935, -6025224.08215780928731 ], [ -566353.890653831069358, -6022462.318751846440136 ], [ -520784.794455440947786, -6079078.468574088998139 ], [ -195521.117121249437332, -6156592.440464500337839 ], [ -124925.413996249437332, -6431846.346714500337839 ], [ -1007386.351496249437332, -6745654.940464500337839 ], [ -1044346.800714999437332, -6841987.948277000337839 ] ] ] ] } },
{ "type": "Feature", "properties": { "fid": 96, "CODE_WUTS5": "W11235", "CODE_ISO3": "MDA", "NAME": "Moldova, Rep. of", "CODE_WUTS4": "W1123", "CODE_WUTS3": "W112", "CODE_WUTS2": "W11", "CODE_WUTS1": "W1", "CODE_WUT_1": "W" }, "geometry": { "type": "MultiPolygon", "coordinates": [ [ [ [ 2355653.199285000562668, -4361987.948277000337839 ], [ 2254747.437566250562668, -4227842.440464500337839 ], [ 2115653.199285000562668, -4161987.948277000337839 ], [ 2168690.308660000562668, -4093275.790073875337839 ], [ 2289742.554753750562668, -4111112.704136375337839 ], [ 2390897.339910000562668, -4189191.317417625337839 ], [ 2355653.199285000562668, -4361987.948277000337839 ] ] ] ] } },
{ "type": "Feature", "properties": { "fid": 97, "CODE_WUTS5": "W1321A", "CODE_ISO3": "MDG", "NAME": "Madagascar", "CODE_WUTS4": "W1321", "CODE_WUTS3": "W132", "CODE_WUTS2": "W13", "CODE_WUTS1": "W1", "CODE_WUT_1": "W" }, "geometry": { "type": "MultiPolygon", "coordinates": [ [ [ [ 9300206.171182006597519, -8515666.633081564679742 ], [ 9315030.502962041646242, -8705922.182527864351869 ], [ 9126486.970882441848516, -8989386.028213132172823 ], [ 8877323.88307573273778, -9146434.869254106655717 ], [ 8543836.426307046785951, -9056736.725328758358955 ], [ 8571545.697929732501507, -8721419.991699708625674 ], [ 8320489.077657379209995, -8598387.352934960275888 ], [ 8307749.849805044010282, -8424786.606520669534802 ], [ 8512377.153336182236671, -8128994.783024137839675 ], [ 8581690.230349639430642, -7874595.896813898347318 ], [ 8609783.369967700913548, -7411272.757921009324491 ], [ 9019831.312575601041317, -7487424.597230891697109 ], [ 8961681.55587213113904, -7585291.061746254563332 ], [ 9300206.171182006597519, -8515666.633081564679742 ] ] ] ] } },
{ "type": "Feature", "properties": { "fid": 98, "CODE_WUTS5": "W21030", "CODE_ISO3": "MEX", "NAME": "Mexico", "CODE_WUTS4": "W2103", "CODE_WUTS3": "W210", "CODE_WUTS2": "W21", "CODE_WUTS1": "W2", "CODE_WUT_1": "W" }, "geometry": { "type": "MultiPolygon", "coordinates": [ [ [ [ -7994032.692416990175843, 590575.733206234639511 ], [ -7964651.681547614745796, 204990.274120722926455 ], [ -7815531.495443801395595, 45838.056100680310919 ], [ -7688628.17604825925082, 14847.45424236292456 ], [ -7641516.780753197148442, -398359.205602214613464 ], [ -7965754.212285368703306, -264723.593803785683122 ], [ -7954811.888605624437332, -227883.944370750337839 ], [ -8014727.660089999437332, -172368.807652000337839 ], [ -8024346.800714999437332, -121987.948277000337839 ], [ -8034365.111261874437332, 113329.434535499662161 ], [ -8096500.121027499437332, 167811.856410499662161 ], [ -8214147.826105624437332, 45361.905238624662161 ], [ -8234146.605402499437332, 168212.247035499662161 ], [ -8254947.386652499437332, 269764.981410499662161 ], [ -8295370.970636874437332, 308602.872035499662161 ], [ -8347100.734760781750083, 307547.714147457445506 ], [ -8135676.595319842919707, 673734.240320032695308 ], [ -8196026.492286684922874, 895404.068795239785686 ], [ -8144844.837878949940205, 1091477.87748944782652 ], [ -7775516.201407327316701, 1767506.575597117422149 ], [ -7494751.75330772344023, 2070893.018375975079834 ], [ -7376449.316953033208847, 1987489.365627946099266 ], [ -7174719.673214155249298, 2030787.096996828448027 ], [ -6207120.857986390590668, 2585932.625758747570217 ], [ -5972177.608341079205275, 2584866.280627546831965 ], [ -5919862.2864412618801, 2714306.042887189891189 ], [ -6048976.78638503048569, 2773803.350346060469747 ], [ -6199100.829470628872514, 2712591.654307824093848 ], [ -6728484.729458440095186, 2575142.364079626277089 ], [ -6995218.005544843152165, 2458106.334776408039033 ], [ -7025157.45490148011595, 2534315.842229666654021 ], [ -6829644.49739181343466, 2652560.205753476824611 ], [ -6743492.629613659344614, 2731839.299256296362728 ], [ -6719592.301426025107503, 2723011.828618835657835 ], [ -6454769.090869593434036, 2788310.339446299243718 ], [ -6442523.125268910080194, 2803395.949244242627174 ], [ -6298804.639656426385045, 2841461.9354985691607 ], [ -6297084.481910532340407, 2817379.727056054398417 ], [ -6244010.003505584783852, 2788801.161761082243174 ], [ -6146447.243043515831232, 2835870.914615589194 ], [ -6054584.831423131749034, 2904350.166914420668036 ], [ -5698734.157932864502072, 2913859.537935961037874 ], [ -5794146.605402499437332, 2707811.856410499662161 ], [ -6110240.355402499437332, 2341311.612269874662161 ], [ -6198846.312433749437332, 1884552.579066749662161 ], [ -6547564.574152499437332, 1659412.198207374662161 ], [ -6599175.902277499437332, 1559225.430629249662161 ], [ -6541074.095636874437332, 1415983.243129249662161 ], [ -6593334.837824374437332, 1308259.854457374662161 ], [ -7000836.058527499437332, 1106701.016566749662161 ], [ -7053935.332787767983973, 948462.938185344450176 ], [ -7055814.101049565710127, 948982.624205762404017 ], [ -7370636.698153370991349, 1036065.691315893549472 ], [ -7604878.072643625549972, 1018221.949628579313867 ], [ -7891951.91724341083318, 823938.480792997055687 ], [ -7994032.692416990175843, 590575.733206234639511 ] ] ] ] } },
{ "type": "Feature", "properties": { "fid": 99, "CODE_WUTS5": "W11224", "CODE_ISO3": "MKD", "NAME": "Macedonia, TFYR", "CODE_WUTS4": "W1122", "CODE_WUTS3": "W112", "CODE_WUTS2": "W11", "CODE_WUTS1": "W1", "CODE_WUT_1": "W" }, "geometry": { "type": "MultiPolygon", "coordinates": [ [ [ [ 1975653.199285000562668, -5101987.948277000337839 ], [ 1899918.336003750562668, -5089121.737339500337839 ], [ 1875653.199285000562668, -5001987.948277000337839 ], [ 2035653.199285000562668, -4921987.948277000337839 ], [ 2115653.199285000562668, -4981987.948277000337839 ], [ 1975653.199285000562668, -5101987.948277000337839 ] ] ] ] } },
{ "type": "Feature", "properties": { "fid": 100, "CODE_WUTS5": "W13329", "CODE_ISO3": "MLI", "NAME": "Mali", "CODE_WUTS4": "W1332", "CODE_WUTS3": "W133", "CODE_WUTS2": "W13", "CODE_WUTS1": "W1", "CODE_WUT_1": "W" }, "geometry": { "type": "MultiPolygon", "coordinates": [ [ [ [ -844346.800714999437332, -8801987.948277000337839 ], [ -1033656.738516164361499, -8801987.948277000337839 ], [ -1224346.800714999437332, -8801987.948277000337839 ], [ -1360113.402277499437332, -8523401.522495750337839 ], [ -1724346.800714999437332, -8461987.948277000337839 ], [ -1696177.855402499437332, -8405957.674839500337839 ], [ -1784346.800714999437332, -8161987.948277000337839 ], [ -1660991.087824374437332, -8122598.299839500337839 ], [ -774546.996027499437332, -8255195.956089500337839 ], [ -809400.511652499437332, -7212905.917027000337839 ], [ -664346.800714999437332, -7201987.948277000337839 ], [ 418414.429753750562668, -7796455.721714500337839 ], [ 463353.394597500562668, -7889085.116245750337839 ], [ 595653.199285000562668, -7861987.948277000337839 ], [ 564054.078191250562668, -8265393.709995750337839 ], [ 15653.199285000562668, -8341987.948277000337839 ], [ -592278.929621249437332, -8509131.502964500337839 ], [ -844346.800714999437332, -8801987.948277000337839 ] ] ] ] } },
{ "type": "Feature", "properties": { "fid": 101, "CODE_WUTS5": "W11136", "CODE_ISO3": "MLT", "NAME": "Malta", "CODE_WUTS4": "W1113", "CODE_WUTS3": "W111", "CODE_WUTS2": "W11", "CODE_WUTS1": "W1", "CODE_WUT_1": "W" }, "geometry": { "type": "MultiPolygon", "coordinates": [ [ [ [ 1535348.061284041265026, -5826377.116928471252322 ], [ 1528443.652769133448601, -5866422.68631493486464 ], [ 1473208.384649872779846, -5856756.514394064433873 ], [ 1470446.621243909932673, -5809806.536492692306638 ], [ 1535348.061284041265026, -5826377.116928471252322 ] ] ] ] } },
{ "type": "Feature", "properties": { "fid": 102, "CODE_WUTS5": "W31227", "CODE_ISO3": "MMR", "NAME": "Myanmar", "CODE_WUTS4": "W3122", "CODE_WUTS3": "W312", "CODE_WUTS2": "W31", "CODE_WUTS1": "W3", "CODE_WUT_1": "W" }, "geometry": { "type": "MultiPolygon", "coordinates": [ [ [ [ 6815653.199285000562668, 898012.051722999662161 ], [ 6887052.125066250562668, 1064107.022426124662161 ], [ 7028695.191472500562668, 1075487.637660499662161 ], [ 7207432.984441250562668, 948755.459926124662161 ], [ 7364908.570378750562668, 1208755.459926124662161 ], [ 7452567.261785000562668, 1235148.282191749662161 ], [ 7504442.261785000562668, 1376410.489222999662161 ], [ 7464198.121160000562668, 1448541.836879249662161 ], [ 7495653.199285000562668, 1458012.051722999662161 ], [ 7615653.199285000562668, 1378012.051722999662161 ], [ 7749537.476628750562668, 1091896.329066749662161 ], [ 7911749.390691250562668, 1037411.465785499662161 ], [ 8105890.015691250562668, 1228834.805629249662161 ], [ 8262614.489730912260711, 1225393.474363170331344 ], [ 8530943.192434649914503, 1416070.549147167941555 ], [ 8738489.545176841318607, 1345711.659296446479857 ], [ 8565855.296528043225408, 1224907.320855265948921 ], [ 8517377.100465644150972, 1258535.673705336637795 ], [ 8061488.955419791862369, 985002.786677825264633 ], [ 8171655.091707206331193, 631060.319355261744931 ], [ 7926345.482552298344672, 625261.978546155616641 ], [ 7624189.872162811458111, 332599.027925815898925 ], [ 7535653.199285000562668, 358012.051722999662161 ], [ 7349010.132878750562668, 458076.748988624662161 ], [ 7301593.140691250562668, 564342.618129249662161 ], [ 7020199.097722500562668, 646060.147426124662161 ], [ 6815653.199285000562668, 898012.051722999662161 ] ] ] ] } },
{ "type": "Feature", "properties": { "fid": 103, "CODE_WUTS5": "W31121", "CODE_ISO3": "MNG", "NAME": "Mongolia", "CODE_WUTS4": "W3112", "CODE_WUTS3": "W311", "CODE_WUTS2": "W31", "CODE_WUTS1": "W3", "CODE_WUT_1": "W" }, "geometry": { "type": "MultiPolygon", "coordinates": [ [ [ [ 4555653.199285000562668, -161987.948277000337839 ], [ 4356449.097722500562668, 175387.540004249662161 ], [ 4442552.613347500562668, 616600.918910499662161 ], [ 4182769.898503750562668, 672966.885707374662161 ], [ 4210741.089910000562668, 879318.204066749662161 ], [ 4324908.570378750562668, 1003882.413051124662161 ], [ 4231576.050847500562668, 1277983.975551124662161 ], [ 4279566.773503750562668, 1573767.666957374662161 ], [ 4041934.937566250562668, 1853934.903285499662161 ], [ 4015653.199285000562668, 1998012.051722999662161 ], [ 4225091.675847500562668, 2033507.657191749662161 ], [ 4117306.031316250562668, 2238594.327113624662161 ], [ 4169447.144597500562668, 2407449.307582374662161 ], [ 4619080.933660000562668, 2019237.637660499662161 ], [ 4658787.964910000562668, 1848574.795863624662161 ], [ 4785582.398503750562668, 1908917.813441749662161 ], [ 4966161.011785000562668, 1819419.522426124662161 ], [ 5211690.796941250562668, 1359718.594691749662161 ], [ 5226761.597722500562668, 579417.081019874662161 ], [ 5071856.812566250562668, 441010.098597999662161 ], [ 4977928.589910000562668, 65492.520472999662161 ], [ 4774112.671941250562668, 77639.737269874662161 ], [ 4626214.722722500562668, -152550.692417625337839 ], [ 4555653.199285000562668, -161987.948277000337839 ] ] ] ] } },
{ "type": "Feature", "properties": { "fid": 104, "CODE_WUTS5": "W13424", "CODE_ISO3": "MOZ", "NAME": "Mozambique", "CODE_WUTS4": "W1342", "CODE_WUTS3": "W134", "CODE_WUTS2": "W13", "CODE_WUTS1": "W1", "CODE_WUT_1": "W" }, "geometry": { "type": "MultiPolygon", "coordinates": [ [ [ [ 6492401.0526512125507, -9236481.007240515202284 ], [ 7207491.6589568965137, -8518660.072135336697102 ], [ 7568245.608535134233534, -8824210.099366975948215 ], [ 7568410.144773995503783, -8824456.345250222831964 ], [ 7568448.032887765206397, -8824646.821660861372948 ], [ 7519078.829148332588375, -9140026.804698212072253 ], [ 6948497.997238761745393, -10017742.435677712783217 ], [ 7266365.180292599834502, -10202253.456048376858234 ], [ 7313861.844638929702342, -10373713.892546366900206 ], [ 6955923.647149548865855, -10764091.58515458740294 ], [ 6984908.570378750562668, -10931243.319370750337839 ], [ 6895653.199285000562668, -10981987.948277 ], [ 6795653.199285000562668, -10921987.948277 ], [ 6743861.207097500562668, -10772119.784214500337839 ], [ 6495653.199285000562668, -10661987.948277 ], [ 6645272.339910000562668, -10275244.784214500337839 ], [ 6432926.148503750562668, -9952368.807652000337839 ], [ 5915653.199285000562668, -10121987.948277 ], [ 5891866.578191250562668, -10052490.877964500337839 ], [ 6315653.199285000562668, -9661987.948277000337839 ], [ 6563575.562566250562668, -9578511.385777000337839 ], [ 6629408.082097500562668, -9615242.342808250337839 ], [ 6621602.906316250562668, -9712393.221714500337839 ], [ 6891224.488347500562668, -9739898.104527000337839 ], [ 6832176.636785000562668, -9634065.584995750337839 ], [ 6875584.839910000562668, -9556262.850620750337839 ], [ 6839806.031316250562668, -9458833.651402000337839 ], [ 6675162.28839835524559, -9430420.934060554951429 ], [ 6493210.22118566185236, -9347844.691135196015239 ], [ 6493002.694574459455907, -9347706.026286790147424 ], [ 6492937.483013316988945, -9347378.185630116611719 ], [ 6492401.0526512125507, -9236481.007240515202284 ] ] ] ] } },
{ "type": "Feature", "properties": { "fid": 105, "CODE_WUTS5": "W1332A", "CODE_ISO3": "MRT", "NAME": "Mauritania", "CODE_WUTS4": "W1332", "CODE_WUTS3": "W133", "CODE_WUTS2": "W13", "CODE_WUTS1": "W1", "CODE_WUT_1": "W" }, "geometry": { "type": "MultiPolygon", "coordinates": [ [ [ [ -1784346.800714999437332, -8161987.948277000337839 ], [ -2025646.849543124437332, -7912898.592808250337839 ], [ -2337362.076701929327101, -7876095.553158241324127 ], [ -2181165.603786712978035, -7710083.400295370258391 ], [ -2186215.455095324665308, -7350544.494273588061333 ], [ -1740408.812433749437332, -7430562.167027000337839 ], [ -1540869.017511874437332, -7205032.381870750337839 ], [ -1469648.314386874437332, -6974390.292027000337839 ], [ -1077728.148371249437332, -7030401.034214500337839 ], [ -1064346.800714999437332, -6901987.948277000337839 ], [ -664346.800714999437332, -7201987.948277000337839 ], [ -809400.511652499437332, -7212905.917027000337839 ], [ -774546.996027499437332, -8255195.956089500337839 ], [ -1660991.087824374437332, -8122598.299839500337839 ], [ -1784346.800714999437332, -8161987.948277000337839 ] ] ] ] } },
{ "type": "Feature", "properties": { "fid": 106, "CODE_WUTS5": "W1321B", "CODE_ISO3": "MUS", "NAME": "Mauritius", "CODE_WUTS4": "W1321", "CODE_WUTS3": "W132", "CODE_WUTS2": "W13", "CODE_WUTS1": "W1", "CODE_WUT_1": "W" }, "geometry": { "type": "MultiPolygon", "coordinates": [ [ [ [ 10369611.266182890161872, -6532048.285270072519779 ], [ 10389174.697803189978004, -6604795.192944461479783 ], [ 10359720.037171002477407, -6622231.609955717809498 ], [ 10289714.681752625852823, -6618977.015941518358886 ], [ 10275329.995210520923138, -6586800.479910626076162 ], [ 10298938.769241355359554, -6523754.652759620919824 ], [ 10320075.010330663993955, -6508657.337695827707648 ], [ 10369611.266182890161872, -6532048.285270072519779 ] ] ] ] } },
{ "type": "Feature", "properties": { "fid": 107, "CODE_WUTS5": "W13425", "CODE_ISO3": "MWI", "NAME": "Malawi", "CODE_WUTS4": "W1342", "CODE_WUTS3": "W134", "CODE_WUTS2": "W13", "CODE_WUTS1": "W1", "CODE_WUT_1": "W" }, "geometry": { "type": "MultiPolygon", "coordinates": [ [ [ [ 6675162.28839835524559, -9430420.934060554951429 ], [ 6839806.031316250562668, -9458833.651402000337839 ], [ 6875584.839910000562668, -9556262.850620750337839 ], [ 6832176.636785000562668, -9634065.584995750337839 ], [ 6891224.488347500562668, -9739898.104527000337839 ], [ 6621602.906316250562668, -9712393.221714500337839 ], [ 6629408.082097500562668, -9615242.342808250337839 ], [ 6563575.562566250562668, -9578511.385777000337839 ], [ 6315653.199285000562668, -9661987.948277000337839 ], [ 6229578.980535000562668, -9651221.346714500337839 ], [ 6246988.648503750562668, -9511243.319370750337839 ], [ 6015653.199285000562668, -9281987.948277000337839 ], [ 6151268.3055529166013, -9208910.142999824136496 ], [ 6339766.784840348176658, -9333419.706114236265421 ], [ 6369776.486305516213179, -9442483.833084443584085 ], [ 6643381.90707363281399, -9503019.425550365820527 ], [ 6675162.28839835524559, -9430420.934060554951429 ] ] ] ] } },
{ "type": "Feature", "properties": { "fid": 108, "CODE_WUTS5": "W32223", "CODE_ISO3": "MYS", "NAME": "Malaysia", "CODE_WUTS4": "W3222", "CODE_WUTS3": "W322", "CODE_WUTS2": "W32", "CODE_WUTS1": "W3", "CODE_WUT_1": "W" }, "geometry": { "type": "MultiPolygon", "coordinates": [ [ [ [ 8491586.462642347440124, 4395133.623016643337905 ], [ 8563421.753972500562668, 4184104.581019874662161 ], [ 8976649.293035000562668, 4061209.073207374662161 ], [ 9252000.855535000562668, 3613055.997035499662161 ], [ 9287926.148503750562668, 3331985.440394874662161 ], [ 9237974.18123946711421, 3260366.837935010902584 ], [ 9045920.854393165558577, 3552634.60225087730214 ], [ 9008856.561964552849531, 3561839.513425840530545 ], [ 8880602.699567625299096, 3782641.46450581587851 ], [ 8669425.812909612432122, 3884069.722156723029912 ], [ 8659824.586471293121576, 3981244.033345624338835 ], [ 8221841.796070635318756, 4190218.932709892746061 ], [ 8212079.137427399866283, 4558932.338485508225858 ], [ 8464415.182952096685767, 4372956.988984488882124 ], [ 8491586.462642347440124, 4395133.623016643337905 ] ] ], [ [ [ 9124488.648503750562668, 1668649.258754249662161 ], [ 9185272.339910000562668, 1870568.204066749662161 ], [ 9146742.39181686937809, 1906269.062851802445948 ], [ 9227523.101605609059334, 2177198.289264666382223 ], [ 9399006.627313513308764, 2219306.947319453582168 ], [ 9524222.682107280939817, 2352325.857370731886476 ], [ 9488176.555391108617187, 1965089.138026960659772 ], [ 9344308.165223190560937, 1764487.95118388091214 ], [ 9124488.648503750562668, 1668649.258754249662161 ] ] ] ] } },
{ "type": "Feature", "properties": { "fid": 109, "CODE_WUTS5": "W13426", "CODE_ISO3": "NAM", "NAME": "Namibia", "CODE_WUTS4": "W1342", "CODE_WUTS3": "W134", "CODE_WUTS2": "W13", "CODE_WUTS1": "W1", "CODE_WUT_1": "W" }, "geometry": { "type": "MultiPolygon", "coordinates": [ [ [ [ 2451389.954531373921782, -11641073.956438327208161 ], [ 2880933.961003750562668, -11573782.381870750337839 ], [ 4755653.199285000562668, -10961987.948277 ], [ 5055653.199285000562668, -10841987.948277 ], [ 5039923.218816250562668, -10892925.448277 ], [ 4334483.765691250562668, -11289968.905308250337839 ], [ 4449998.902410000562668, -11601633.944370750337839 ], [ 4266214.722722500562668, -11685984.530308250337839 ], [ 4375653.199285000562668, -11981987.948277 ], [ 4485272.339910000562668, -12322022.127964500337839 ], [ 4234891.480535000562668, -12501226.229527 ], [ 3835394.410222500562668, -12520867.342808250337839 ], [ 3744447.963580653537065, -12638495.813469830900431 ], [ 3344379.277787135448307, -12454018.283309772610664 ], [ 3132846.706124536693096, -12077492.929475391283631 ], [ 2466067.748296838719398, -11720642.144652657210827 ], [ 2451389.954531373921782, -11641073.956438327208161 ] ] ] ] } },
{ "type": "Feature", "properties": { "fid": 110, "CODE_WUTS5": "W1332B", "CODE_ISO3": "NER", "NAME": "Niger", "CODE_WUTS4": "W1332", "CODE_WUTS3": "W133", "CODE_WUTS2": "W13", "CODE_WUTS1": "W1", "CODE_WUT_1": "W" }, "geometry": { "type": "MultiPolygon", "coordinates": [ [ [ [ 555653.199285000562668, -8681987.948277000337839 ], [ 415743.531316250562668, -8632949.862339500337839 ], [ 335653.199285000562668, -8681987.948277000337839 ], [ 324632.691472500562668, -8613811.678745750337839 ], [ 47462.281316250562668, -8467258.944370750337839 ], [ 15653.199285000562668, -8341987.948277000337839 ], [ 564054.078191250562668, -8265393.709995750337839 ], [ 595653.199285000562668, -7861987.948277000337839 ], [ 765548.218816250562668, -7829260.897495750337839 ], [ 1515653.199285000562668, -7241987.948277000337839 ], [ 1935653.199285000562668, -7221987.948277000337839 ], [ 2131751.832097500562668, -7460725.741245750337839 ], [ 2170345.582097500562668, -7828084.139683250337839 ], [ 2003068.767003076383844, -8139475.786574908532202 ], [ 1927515.727759163593873, -8283576.677125194109976 ], [ 1038089.722722500562668, -8491243.319370750337839 ], [ 653285.035222500562668, -8456716.952183250337839 ], [ 555653.199285000562668, -8681987.948277000337839 ] ] ] ] } },
{ "type": "Feature", "properties": { "fid": 111, "CODE_WUTS5": "W13310", "CODE_ISO3": "NGA", "NAME": "Nigeria", "CODE_WUTS4": "W1331", "CODE_WUTS3": "W133", "CODE_WUTS2": "W13", "CODE_WUTS1": "W1", "CODE_WUT_1": "W" }, "geometry": { "type": "MultiPolygon", "coordinates": [ [ [ [ 441869.084857712499797, -9247389.202701715752482 ], [ 446515.015691250562668, -9019724.764683250337839 ], [ 585453.003972500562668, -8809834.627964500337839 ], [ 555653.199285000562668, -8681987.948277000337839 ], [ 653285.035222500562668, -8456716.952183250337839 ], [ 1038089.722722500562668, -8491243.319370750337839 ], [ 1927515.727759163593873, -8283576.677125194109976 ], [ 2125671.910669779870659, -8373073.177720211446285 ], [ 2204908.570378750562668, -8408428.377964500337839 ], [ 1808143.433660000562668, -9113919.100620750337839 ], [ 1695985.230535000562668, -9072732.577183250337839 ], [ 1475291.871160000562668, -9216760.897495750337839 ], [ 1428164.901027228450403, -9349563.708378357812762 ], [ 967654.391610191320069, -9442945.872591467574239 ], [ 799433.708811899763532, -9273903.107592275366187 ], [ 441869.084857712499797, -9247389.202701715752482 ] ] ] ] } },
{ "type": "Feature", "properties": { "fid": 112, "CODE_WUTS5": "W2212A", "CODE_ISO3": "NIC", "NAME": "Nicaragua", "CODE_WUTS4": "W2212", "CODE_WUTS3": "W221", "CODE_WUTS2": "W22", "CODE_WUTS1": "W2", "CODE_WUT_1": "W" }, "geometry": { "type": "MultiPolygon", "coordinates": [ [ [ [ -8756338.422382362186909, -951656.004898606799543 ], [ -8773137.083918124437332, -937183.260777000337839 ], [ -8739373.481199972331524, -813814.646942238672636 ], [ -8671024.027039341628551, -751388.457282979623415 ], [ -8696361.863257022574544, -596078.159490044694394 ], [ -8555593.882629243656993, -436193.748892940289807 ], [ -8475217.162043124437332, -499937.167027000337839 ], [ -8410231.810480624437332, -693715.243198875337839 ], [ -8351971.312433749437332, -729612.459995750337839 ], [ -8311971.312433749437332, -909612.459995750337839 ], [ -8311672.434214138425887, -929697.401741332840174 ], [ -8723975.80588123947382, -927616.469787128968164 ], [ -8756338.422382362186909, -951656.004898606799543 ] ] ] ] } },
{ "type": "Feature", "properties": { "fid": 113, "CODE_WUTS5": "W11127", "CODE_ISO3": "NLD", "NAME": "Netherlands", "CODE_WUTS4": "W1112", "CODE_WUTS3": "W111", "CODE_WUTS2": "W11", "CODE_WUTS1": "W1", "CODE_WUT_1": "W" }, "geometry": { "type": "MultiPolygon", "coordinates": [ [ [ [ 455653.199285000562668, -4341987.948277000337839 ], [ 426939.820378750562668, -4310701.327183250337839 ], [ 373253.296941250562668, -4273274.569370750337839 ], [ 306434.449285000562668, -4313582.186558250337839 ], [ 252000.012098614824936, -4298973.728558690287173 ], [ 256925.160489998757839, -4272396.974561530165374 ], [ 300799.853961963905022, -4238808.171076165512204 ], [ 320639.591233935556374, -4199380.504223615862429 ], [ 415228.370174835668877, -4091567.03143083723262 ], [ 510216.631995046278462, -4058678.676183620002121 ], [ 524000.367253750562668, -4169491.610386375337839 ], [ 464547.242253750562668, -4250881.991245750337839 ], [ 455653.199285000562668, -4341987.948277000337839 ] ] ] ] } },
{ "type": "Feature", "properties": { "fid": 114, "CODE_WUTS5": "W11117", "CODE_ISO3": "NOR", "NAME": "Norway", "CODE_WUTS4": "W1111", "CODE_WUTS3": "W111", "CODE_WUTS2": "W11", "CODE_WUTS1": "W1", "CODE_WUT_1": "W" }, "geometry": { "type": "MultiPolygon", "coordinates": [ [ [ [ 1179998.101051989942789, -1966471.630091874394566 ], [ 1135653.199285000562668, -1981987.948277000337839 ], [ 1027059.449285000562668, -2000435.213902000337839 ], [ 985438.355535000562668, -2158997.225620750337839 ], [ 935138.062566250562668, -2197822.909214500337839 ], [ 866676.148503750562668, -2187705.721714500337839 ], [ 855653.199285000562668, -2201987.948277000337839 ], [ 826034.058660000562668, -2272368.807652000337839 ], [ 782662.476628750562668, -2292838.778355125337839 ], [ 717335.328191250562668, -2363344.149448875337839 ], [ 681756.714910000562668, -2623672.518589500337839 ], [ 689178.589910000562668, -2810924.715855125337839 ], [ 607252.320378750562668, -2886834.139683250337839 ], [ 686034.058660000562668, -3111607.088902000337839 ], [ 692678.983361368998885, -3373412.676581691484898 ], [ 447237.768796442542225, -3520393.443874803371727 ], [ 351432.173014868341852, -3460068.837671625427902 ], [ 301914.753719855274539, -3096964.176119452808052 ], [ 395573.083167286822572, -2994075.276885812636465 ], [ 616017.932261005742475, -2374369.939539895858616 ], [ 604651.169277593493462, -2324119.200211547315121 ], [ 897705.979053965187632, -1938595.676900135353208 ], [ 1117771.838359689107165, -1896118.188205873128027 ], [ 1123822.794335387181491, -1925097.320336013799533 ], [ 1164662.90478559047915, -1933521.737738298019394 ], [ 1179998.101051989942789, -1966471.630091874394566 ] ] ] ] } },
{ "type": "Feature", "properties": { "fid": 115, "CODE_WUTS5": "W31225", "CODE_ISO3": "NPL", "NAME": "Nepal", "CODE_WUTS4": "W3122", "CODE_WUTS3": "W312", "CODE_WUTS2": "W31", "CODE_WUTS1": "W3", "CODE_WUT_1": "W" }, "geometry": { "type": "MultiPolygon", "coordinates": [ [ [ [ 6575653.199285000562668, -1021987.948277000337839 ], [ 6584908.570378750562668, -931244.540073875337839 ], [ 6892442.750066250562668, -449542.879917625337839 ], [ 6915653.199285000562668, -221987.948277000337839 ], [ 7073524.293035000562668, -284017.977573875337839 ], [ 6894325.074285000562668, -918905.672886375337839 ], [ 6686475.953191250562668, -1191244.540073875337839 ], [ 6575653.199285000562668, -1021987.948277000337839 ] ] ] ] } },
{ "type": "Feature", "properties": { "fid": 116, "CODE_WUTS5": "W32322", "CODE_ISO3": "NZL", "NAME": "New Zealand", "CODE_WUTS4": "W3232", "CODE_WUTS3": "W323", "CODE_WUTS2": "W32", "CODE_WUTS1": "W3", "CODE_WUT_1": "W" }, "geometry": { "type": "MultiPolygon", "coordinates": [ [ [ [ 966004.22085289855022, 14163838.342624649405479 ], [ 416401.395973397768103, 14173016.325951348990202 ], [ 423480.65673622849863, 14232140.042295971885324 ], [ 734936.654697451042011, 14305837.681967979297042 ], [ 1088321.88911865116097, 14562936.223303589969873 ], [ 1339371.536417554831132, 14497972.380244398489594 ], [ 1223819.21508184983395, 14403896.696139626204967 ], [ 1492125.611853184644133, 14272216.580899560824037 ], [ 1268084.493081568973139, 14112704.720902606844902 ], [ 1639190.076255560154095, 13824777.975336579605937 ], [ 1605720.881046899361536, 13737944.847808364778757 ], [ 1305770.832310224417597, 13884587.093857407569885 ], [ 1253938.639668821590021, 13987801.537698194384575 ], [ 1158387.372981308959424, 13938361.294724939391017 ], [ 966004.22085289855022, 14163838.342624649405479 ] ] ], [ [ [ 1949301.407431800151244, 14406666.825783733278513 ], [ 1492267.016185344662517, 14509217.053268982097507 ], [ 1492661.614484861958772, 14551605.570824217051268 ], [ 1858524.351286394055933, 14735531.919730992987752 ], [ 2233532.306716877501458, 14713523.186821952462196 ], [ 2443003.427294295281172, 14863303.33022884465754 ], [ 3017442.360483859665692, 14830286.889031710103154 ], [ 3484865.256544360890985, 14696229.570073448121548 ], [ 3486288.269277176819742, 14673537.912962134927511 ], [ 2306748.318592049647123, 14580438.225505754351616 ], [ 1949301.407431800151244, 14406666.825783733278513 ] ] ] ] } },
{ "type": "Feature", "properties": { "fid": 117, "CODE_WUTS5": "W12226", "CODE_ISO3": "OMN", "NAME": "Oman", "CODE_WUTS4": "W1222", "CODE_WUTS3": "W122", "CODE_WUTS2": "W12", "CODE_WUTS1": "W1", "CODE_WUT_1": "W" }, "geometry": { "type": "MultiPolygon", "coordinates": [ [ [ [ 6501528.987594147212803, -4900711.535164199769497 ], [ 6235653.199285000562668, -4861987.948277000337839 ], [ 6373985.718816250562668, -4472383.456089500337839 ], [ 6155653.199285000562668, -4261987.948277000337839 ], [ 5997027.711003750562668, -4071057.772495750337839 ], [ 6005692.857298980467021, -4001705.935080569237471 ], [ 6119190.023413508199155, -4014839.529288362246007 ], [ 6503915.816072009503841, -3775786.609578225295991 ], [ 6673244.967533357441425, -4227746.035905202850699 ], [ 6615346.847440619021654, -4656671.415543120354414 ], [ 6501528.987594147212803, -4900711.535164199769497 ] ] ], [ [ [ 5957171.313842988573015, -3981350.026656191796064 ], [ 5927717.47304383572191, -3995990.937949960585684 ], [ 5896299.434978280216455, -3950161.751417360268533 ], [ 5937633.023202690295875, -3931135.17906009266153 ], [ 5957171.313842988573015, -3981350.026656191796064 ] ] ] ] } },
{ "type": "Feature", "properties": { "fid": 118, "CODE_WUTS5": "W31226", "CODE_ISO3": "PAK", "NAME": "Pakistan", "CODE_WUTS4": "W3122", "CODE_WUTS3": "W312", "CODE_WUTS2": "W31", "CODE_WUTS1": "W3", "CODE_WUT_1": "W" }, "geometry": { "type": "MultiPolygon", "coordinates": [ [ [ [ 6336019.381776445545256, -3402084.957820018287748 ], [ 6250326.050847500562668, -3359558.749058250337839 ], [ 6282005.738347500562668, -3199240.145542625337839 ], [ 6104239.625066250562668, -3153638.338902000337839 ], [ 5875653.199285000562668, -3241987.948277000337839 ], [ 5986034.058660000562668, -3092368.807652000337839 ], [ 6125272.339910000562668, -2704028.963902000337839 ], [ 6024195.679753750562668, -2638759.188511375337839 ], [ 6051178.101628750562668, -2337693.514683250337839 ], [ 5796129.273503750562668, -1941134.676792625337839 ], [ 5680575.074285000562668, -1904550.204136375337839 ], [ 5695653.199285000562668, -1541987.948277000337839 ], [ 5935653.199285000562668, -1301987.948277000337839 ], [ 6005453.003972500562668, -1426848.788120750337839 ], [ 5926287.964910000562668, -1687780.184605125337839 ], [ 6108763.550847500562668, -1725155.672886375337839 ], [ 6206139.039128750562668, -1651267.733433250337839 ], [ 6566178.101628750562668, -2212735.018589500337839 ], [ 6499520.386785000562668, -2342128.329136375337839 ], [ 6567557.496160000562668, -2445901.522495750337839 ], [ 6823499.878972500562668, -2352188.143589500337839 ], [ 6905453.003972500562668, -2377948.641636375337839 ], [ 6825853.394597500562668, -2649050.936558250337839 ], [ 6859817.762573836371303, -2733379.374371213838458 ], [ 6564200.692755676805973, -2870732.286417671479285 ], [ 6336019.381776445545256, -3402084.957820018287748 ] ] ] ] } },
{ "type": "Feature", "properties": { "fid": 119, "CODE_WUTS5": "W2212B", "CODE_ISO3": "PAN", "NAME": "Panama", "CODE_WUTS4": "W2212", "CODE_WUTS3": "W221", "CODE_WUTS2": "W22", "CODE_WUTS1": "W2", "CODE_WUT_1": "W" }, "geometry": { "type": "MultiPolygon", "coordinates": [ [ [ [ -8987710.195999415591359, -1103069.002729123225436 ], [ -8869634.380300007760525, -1115078.708362718578428 ], [ -8923987.915456430986524, -1382276.341557295294479 ], [ -8789550.367817701771855, -1623350.716509163379669 ], [ -8786266.391714749857783, -1861697.709341877605766 ], [ -8844054.690772969275713, -1955339.581487745046616 ], [ -8833852.695983964949846, -1957525.175960091874003 ], [ -8835708.746471658349037, -1965937.659019741695374 ], [ -8978813.391629377380013, -1966990.526870216010138 ], [ -8970541.843705931678414, -1954039.935058342060074 ], [ -8997586.629242517054081, -1930823.553462121402845 ], [ -8926962.605887236073613, -1827266.161918648751453 ], [ -8926866.998122835531831, -1827202.278852856718004 ], [ -8926756.37020643427968, -1827367.845230054808781 ], [ -8926754.10091813094914, -1827372.282694458961487 ], [ -8897659.199454197660089, -1915110.402735237730667 ], [ -8890268.163194106891751, -1915110.402735237730667 ], [ -8826815.986252389848232, -1717189.105601163813844 ], [ -8980939.833320021629333, -1509675.398141157114878 ], [ -9036912.799818692728877, -1592690.696022550575435 ], [ -9086570.280224092304707, -1472048.314405378885567 ], [ -9020621.165687510743737, -1418892.822003845358267 ], [ -8987710.195999415591359, -1103069.002729123225436 ] ] ] ] } },
{ "type": "Feature", "properties": { "fid": 120, "CODE_WUTS5": "W22134", "CODE_ISO3": "PER", "NAME": "Peru", "CODE_WUTS4": "W2213", "CODE_WUTS3": "W221", "CODE_WUTS2": "W22", "CODE_WUTS1": "W2", "CODE_WUT_1": "W" }, "geometry": { "type": "MultiPolygon", "coordinates": [ [ [ [ -11204346.800715, -4181987.948277000337839 ], [ -11318836.605699691921473, -4086906.49577134847641 ], [ -11307498.182179441675544, -3105830.79281210526824 ], [ -11239495.199974924325943, -2812062.55408447701484 ], [ -10708554.712046412751079, -2123797.676279428415 ], [ -10708553.491921029984951, -2123796.088384326081723 ], [ -10706460.680168177932501, -2120415.372599215246737 ], [ -10705689.177834430709481, -2118848.999619921203703 ], [ -10705682.636139143258333, -2118836.704755008686334 ], [ -10705610.5613246653229, -2118683.939507956150919 ], [ -10705590.72446565516293, -2118654.251550448592752 ], [ -10705518.38443853892386, -2118488.567173200659454 ], [ -10705515.328538857400417, -2118473.204128045588732 ], [ -10573231.373969864100218, -1792184.044340427964926 ], [ -10516611.324343495070934, -1652962.253529120702296 ], [ -10376179.075382210314274, -1611974.221505475463346 ], [ -10245375.238293996080756, -1753241.390369561733678 ], [ -10326336.546808749437332, -1749485.506870750337839 ], [ -10358227.415949374437332, -2019518.465855125337839 ], [ -10126768.675715, -2148880.038120750337839 ], [ -9944990.111261874437332, -2464497.713902000337839 ], [ -9684346.800714999437332, -2541987.948277000337839 ], [ -9694429.808527499437332, -2682620.272495750337839 ], [ -9823239.622980624437332, -3025850.252964500337839 ], [ -9784014.769464999437332, -3472731.356480125337839 ], [ -9824346.800714999437332, -3561987.948277000337839 ], [ -10090650.745673127472401, -3158626.042053789366037 ], [ -10412640.257746249437332, -3012368.807652000337839 ], [ -10559323.607355624437332, -3487560.458042625337839 ], [ -10454985.228449374437332, -3639190.096714500337839 ], [ -10581186.400324374437332, -3760162.997105125337839 ], [ -10504346.800715, -3941987.948277000337839 ], [ -10583415.404230624437332, -4098579.745152000337839 ], [ -10982184.935480624437332, -4113275.790073875337839 ], [ -11064538.451105624437332, -4219968.905308250337839 ], [ -11204346.800715, -4181987.948277000337839 ] ] ] ] } },
{ "type": "Feature", "properties": { "fid": 121, "CODE_WUTS5": "W32224", "CODE_ISO3": "PHL", "NAME": "Philippines", "CODE_WUTS4": "W3222", "CODE_WUTS3": "W322", "CODE_WUTS2": "W32", "CODE_WUTS1": "W3", "CODE_WUT_1": "W" }, "geometry": { "type": "MultiPolygon", "coordinates": [ [ [ [ 7265452.857442611828446, 5291743.363887926563621 ], [ 7416624.198080516420305, 5493453.256545413285494 ], [ 7484972.384162123315036, 5532308.135345980525017 ], [ 7553307.437070191837847, 5532455.687767561525106 ], [ 7701771.778065082617104, 5364568.587421850301325 ], [ 7713882.691211767494678, 5190812.993272955529392 ], [ 7596689.910109456628561, 5103541.773303149268031 ], [ 7751284.642627398483455, 4950193.772499062120914 ], [ 7713882.691211767494678, 4906558.162514159455895 ], [ 7265452.857442611828446, 5291743.363887926563621 ] ] ], [ [ [ 7144126.297980321571231, 4457734.745526586659253 ], [ 7079296.248859893530607, 4556226.55092108156532 ], [ 7031920.443733427673578, 4735755.917716110125184 ], [ 7070569.126862913370132, 4821780.405972061678767 ], [ 7153974.248815818689764, 4813555.589740755036473 ], [ 7139139.371124903671443, 4628536.990324635058641 ], [ 7198982.49338991381228, 4463968.404095858335495 ], [ 7281266.786504302173853, 4361736.403559800237417 ], [ 7241371.371660961769521, 4194674.353903314098716 ], [ 7143030.051731675863266, 4049236.673871102277189 ], [ 6823223.902408894151449, 4037843.123331397306174 ], [ 6720795.120674456469715, 4242700.686800271272659 ], [ 6823398.093618785962462, 4357003.136960889212787 ], [ 6939662.296908204443753, 4376697.184126052074134 ], [ 7132905.712555631995201, 4374203.720698343589902 ], [ 7144126.297980321571231, 4457734.745526586659253 ] ] ], [ [ [ 7360100.586039303801954, 4916236.967654730193317 ], [ 7549314.104982990771532, 4901571.235658741556108 ], [ 7490717.714431835338473, 4776898.064273305237293 ], [ 7507661.605950721539557, 4608127.607598315924406 ], [ 7374771.665043379180133, 4594875.234050567261875 ], [ 7314060.789306406863034, 4733795.599783623591065 ], [ 7360100.586039303801954, 4916236.967654730193317 ] ] ], [ [ [ 7020274.94325833581388, 4894410.59476653020829 ], [ 7120796.585001267492771, 5136386.899312405847013 ], [ 7263812.542510339990258, 5115537.344737225212157 ], [ 7206077.922860370948911, 4914205.421600784175098 ], [ 7111711.273420107550919, 4877883.333095508627594 ], [ 7020274.94325833581388, 4894410.59476653020829 ] ] ] ] } },
{ "type": "Feature", "properties": { "fid": 122, "CODE_WUTS5": "W32228", "CODE_ISO3": "PNG", "NAME": "Papua New Guinea", "CODE_WUTS4": "W3222", "CODE_WUTS3": "W322", "CODE_WUTS2": "W32", "CODE_WUTS1": "W3", "CODE_WUT_1": "W" }, "geometry": { "type": "MultiPolygon", "coordinates": [ [ [ [ 6896246.461003750562668, 8521510.586879249662161 ], [ 6496201.379221871495247, 8003596.099630484357476 ], [ 5892447.771582050248981, 8706408.99627130664885 ], [ 5939361.04941685590893, 8783089.458658112213016 ], [ 5682925.160780491307378, 9019493.870149349793792 ], [ 5841660.339076222851872, 9051237.354857048019767 ], [ 5777175.336522750556469, 9365145.367973895743489 ], [ 5401803.203645696863532, 9650160.231813324615359 ], [ 5487881.360778328031301, 9723390.714383713901043 ], [ 5910716.153388254344463, 9377314.061789721250534 ], [ 6068586.342140906490386, 9025598.333572681993246 ], [ 6448252.362485190853477, 8745507.422916248440742 ], [ 6589509.256136218085885, 8783846.09363335557282 ], [ 6896246.461003750562668, 8521510.586879249662161 ] ] ], [ [ [ 5007904.428857114166021, 9282065.895820219069719 ], [ 4846930.103255717083812, 9232974.095717638731003 ], [ 4699841.778016243129969, 9303143.509627120569348 ], [ 4784295.180522037670016, 9408371.618939757347107 ], [ 5050542.208254567347467, 9387352.116750346496701 ], [ 5486008.075332039035857, 9092201.281300911679864 ], [ 5430299.217092586681247, 9043456.030341390520334 ], [ 5007904.428857114166021, 9282065.895820219069719 ] ] ] ] } },
{ "type": "Feature", "properties": { "fid": 123, "CODE_WUTS5": "W11216", "CODE_ISO3": "POL", "NAME": "Poland", "CODE_WUTS4": "W1121", "CODE_WUTS3": "W112", "CODE_WUTS2": "W11", "CODE_WUTS1": "W1", "CODE_WUT_1": "W" }, "geometry": { "type": "MultiPolygon", "coordinates": [ [ [ [ 1435653.199285000562668, -4261987.948277000337839 ], [ 1386939.820378750562668, -4230701.327183250337839 ], [ 1115653.199285000562668, -4201987.948277000337839 ], [ 1110565.308660000562668, -4147075.838902000337839 ], [ 1020741.089910000562668, -4016900.057652000337839 ], [ 1019439.974663475062698, -3961941.049532445613295 ], [ 1213123.719245772110298, -3762938.635731146205217 ], [ 1394705.704558164114133, -3716684.36335273552686 ], [ 1493121.461003750562668, -3694621.004917625337839 ], [ 1515653.199285000562668, -3661987.948277000337839 ], [ 1568934.449285000562668, -3668706.698277000337839 ], [ 1595653.199285000562668, -3681987.948277000337839 ], [ 1691707.886785000562668, -3908067.049839500337839 ], [ 1735653.199285000562668, -3941987.948277000337839 ], [ 1784041.871160000562668, -4016613.192417625337839 ], [ 1755653.199285000562668, -4201987.948277000337839 ], [ 1558949.097722500562668, -4255466.952183250337839 ], [ 1435653.199285000562668, -4261987.948277000337839 ] ] ] ] } },
{ "type": "Feature", "properties": { "fid": 124, "CODE_WUTS5": "W2212C", "CODE_ISO3": "PRI", "NAME": "Puerto Rico", "CODE_WUTS4": "W2212", "CODE_WUTS3": "W221", "CODE_WUTS2": "W22", "CODE_WUTS1": "W2", "CODE_WUT_1": "W" }, "geometry": { "type": "MultiPolygon", "coordinates": [ [ [ [ -7296130.887844311073422, -3360863.488594176713377 ], [ -7431533.89995994605124, -3109400.751807997003198 ], [ -7334817.462734492495656, -3051370.889472724869847 ], [ -7205862.213100554421544, -3322176.913703995291144 ], [ -7296130.887844311073422, -3360863.488594176713377 ] ] ] ] } },
{ "type": "Feature", "properties": { "fid": 125, "CODE_WUTS5": "W31123", "CODE_ISO3": "PRK", "NAME": "North Korea", "CODE_WUTS4": "W3112", "CODE_WUTS3": "W311", "CODE_WUTS2": "W31", "CODE_WUTS1": "W3", "CODE_WUT_1": "W" }, "geometry": { "type": "MultiPolygon", "coordinates": [ [ [ [ 4016701.123745537828654, 3417245.257678544614464 ], [ 4034577.145521346945316, 3465370.366560582537204 ], [ 4219005.770905530080199, 3496035.263095387257636 ], [ 4470824.50111495424062, 3431946.261938483919948 ], [ 4515776.544600419700146, 3551029.328416064381599 ], [ 4696385.869148518890142, 3461221.573524549603462 ], [ 4732681.781659591943026, 3327754.146705358754843 ], [ 4607799.515973418951035, 3275027.969578057061881 ], [ 4581312.50429546367377, 3157627.477888820692897 ], [ 4324908.570378750562668, 3227268.643519874662161 ], [ 4271524.781316250562668, 3312501.797816749662161 ], [ 4205059.937566250562668, 3307161.221644874662161 ], [ 4024930.543035000562668, 3367150.235316749662161 ], [ 4016701.123745537828654, 3417245.257678544614464 ] ] ] ] } },
{ "type": "Feature", "properties": { "fid": 126, "CODE_WUTS5": "W11134", "CODE_ISO3": "PRT", "NAME": "Portugal", "CODE_WUTS4": "W1113", "CODE_WUTS3": "W111", "CODE_WUTS2": "W11", "CODE_WUTS1": "W1", "CODE_WUT_1": "W" }, "geometry": { "type": "MultiPolygon", "coordinates": [ [ [ [ -800930.936505700228736, -5308955.181657523848116 ], [ -643873.167902499437332, -5314082.674839500337839 ], [ -608892.699152499437332, -5381987.948277000337839 ], [ -714546.996027499437332, -5571787.752964500337839 ], [ -740542.338323179050349, -5811058.322671349160373 ], [ -882093.843091453658417, -5793149.764609946869314 ], [ -888044.29901081265416, -5764625.484900321811438 ], [ -880134.489499075571075, -5731660.988182779401541 ], [ -915726.227383503457531, -5625903.596610747277737 ], [ -824415.624148069648072, -5493686.933467491529882 ], [ -800930.936505700228736, -5308955.181657523848116 ] ] ] ] } },
{ "type": "Feature", "properties": { "fid": 127, "CODE_WUTS5": "W22223", "CODE_ISO3": "PRY", "NAME": "Paraguay", "CODE_WUTS4": "W2222", "CODE_WUTS3": "W222", "CODE_WUTS2": "W22", "CODE_WUTS1": "W2", "CODE_WUT_1": "W" }, "geometry": { "type": "MultiPolygon", "coordinates": [ [ [ [ -11084346.800715, -5741987.948277000337839 ], [ -10693181.029230624437332, -5811863.436558250337839 ], [ -10364346.800715, -6461987.948277000337839 ], [ -10520020.62884, -6606328.768589500337839 ], [ -10315272.093683749437332, -7021223.788120750337839 ], [ -10412553.587824374437332, -7191077.303745750337839 ], [ -10275272.093683749437332, -7385042.147495750337839 ], [ -10444346.800715, -7441987.948277000337839 ], [ -10559627.562433749437332, -7466106.600620750337839 ], [ -10772557.249933749437332, -7335730.624058250337839 ], [ -11094955.931574374437332, -6812202.792027000337839 ], [ -10821664.915949374437332, -6831089.510777000337839 ], [ -10957966.185480624437332, -6377254.061558250337839 ], [ -11084346.800715, -5741987.948277000337839 ] ] ] ] } },
{ "type": "Feature", "properties": { "fid": 128, "CODE_WUTS5": "W12227", "CODE_ISO3": "QAT", "NAME": "Qatar", "CODE_WUTS4": "W1222", "CODE_WUTS3": "W122", "CODE_WUTS2": "W12", "CODE_WUTS1": "W1", "CODE_WUT_1": "W" }, "geometry": { "type": "MultiPolygon", "coordinates": [ [ [ [ 5701510.132878750562668, -4562727.694370750337839 ], [ 5623482.14368930272758, -4595500.717890813946724 ], [ 5557137.328921365551651, -4549145.113465237431228 ], [ 5529493.511969131417572, -4480337.919949433766305 ], [ 5543070.802415476180613, -4438826.454793685115874 ], [ 5599770.099052468314767, -4432960.783592568710446 ], [ 5651542.037636348046362, -4473301.470403540879488 ], [ 5701510.132878750562668, -4562727.694370750337839 ] ] ] ] } },
{ "type": "Feature", "properties": { "fid": 129, "CODE_WUTS5": "W11225", "CODE_ISO3": "ROU", "NAME": "Romania", "CODE_WUTS4": "W1122", "CODE_WUTS3": "W112", "CODE_WUTS2": "W11", "CODE_WUTS1": "W1", "CODE_WUT_1": "W" }, "geometry": { "type": "MultiPolygon", "coordinates": [ [ [ [ 1975653.199285000562668, -4721987.948277000337839 ], [ 1966087.769597500562668, -4669541.659214500337839 ], [ 1833253.296941250562668, -4680215.487339500337839 ], [ 1695653.199285000562668, -4601987.948277000337839 ], [ 1815653.199285000562668, -4321987.948277000337839 ], [ 2115653.199285000562668, -4161987.948277000337839 ], [ 2254747.437566250562668, -4227842.440464500337839 ], [ 2355653.199285000562668, -4361987.948277000337839 ], [ 2375101.441472500562668, -4390156.893589500337839 ], [ 2448910.035222500562668, -4313819.002964500337839 ], [ 2433755.520507290028036, -4547955.378091825172305 ], [ 2344547.242253750562668, -4550881.991245750337839 ], [ 2022303.589910000562668, -4739920.077183250337839 ], [ 1975653.199285000562668, -4721987.948277000337839 ] ] ] ] } },
{ "type": "Feature", "properties": { "fid": 130, "CODE_WUTS5": "W13216", "CODE_ISO3": "RWA", "NAME": "Rwanda", "CODE_WUTS4": "W1321", "CODE_WUTS3": "W132", "CODE_WUTS2": "W13", "CODE_WUTS1": "W1", "CODE_WUT_1": "W" }, "geometry": { "type": "MultiPolygon", "coordinates": [ [ [ [ 4995653.199285000562668, -8981987.948277000337839 ], [ 4995653.199285000562668, -8821987.948277000337839 ], [ 5155653.199285000562668, -8701987.948277000337839 ], [ 5244322.632878750562668, -8783919.100620750337839 ], [ 5215653.199285000562668, -8861987.948277000337839 ], [ 5159320.191472500562668, -8878948.397495750337839 ], [ 5126397.828191250562668, -8952732.577183250337839 ], [ 4995653.199285000562668, -8981987.948277000337839 ] ] ] ] } },
{ "type": "Feature", "properties": { "fid": 131, "CODE_WUTS5": "W12228", "CODE_ISO3": "SAU", "NAME": "Saudi Arabia", "CODE_WUTS4": "W1222", "CODE_WUTS3": "W122", "CODE_WUTS2": "W12", "CODE_WUTS1": "W1", "CODE_WUT_1": "W" }, "geometry": { "type": "MultiPolygon", "coordinates": [ [ [ [ 3876496.634766699746251, -5532717.069236863404512 ], [ 3982535.523503750562668, -5485552.401402000337839 ], [ 4064908.570378750562668, -5261655.917027000337839 ], [ 3966397.828191250562668, -5160903.963902000337839 ], [ 4055653.199285000562668, -4981987.948277000337839 ], [ 4789764.527410000562668, -4802998.690464500337839 ], [ 4935653.199285000562668, -4621987.948277000337839 ], [ 5081903.199285000562668, -4597144.198277000337839 ], [ 5090410.607417923398316, -4556831.787975152023137 ], [ 5623482.14368930272758, -4595500.717890813946724 ], [ 5701510.132878750562668, -4562727.694370750337839 ], [ 5823656.755414850078523, -4532462.799478961154819 ], [ 5931370.972722500562668, -4528194.002964500337839 ], [ 6155653.199285000562668, -4261987.948277000337839 ], [ 6373985.718816250562668, -4472383.456089500337839 ], [ 6235653.199285000562668, -4861987.948277000337839 ], [ 5985638.550847500562668, -5227903.475620750337839 ], [ 5973673.218816250562668, -5516563.143589500337839 ], [ 5556754.273503750562668, -5872676.424839500337839 ], [ 5563086.716598505154252, -5978936.428498050197959 ], [ 5470850.811251934617758, -6037817.916887800209224 ], [ 5112298.926808685064316, -5899715.832157925702631 ], [ 4843930.58786506857723, -5928404.891481518745422 ], [ 4667762.888804086484015, -5793204.512134270742536 ], [ 3914643.882393787615001, -5649734.331842481158674 ], [ 3876496.634766699746251, -5532717.069236863404512 ] ] ] ] } },
{ "type": "Feature", "properties": { "fid": 132, "CODE_WUTS5": "W11226", "CODE_ISO3": "SCG", "NAME": "Serbia/Montenegro", "CODE_WUTS4": "W1122", "CODE_WUTS3": "W112", "CODE_WUTS2": "W11", "CODE_WUTS1": "W1", "CODE_WUT_1": "W" }, "geometry": { "type": "MultiPolygon", "coordinates": [ [ [ [ 1667626.879189664730802, -5010019.077201692387462 ], [ 1712662.476628750562668, -4883792.147495750337839 ], [ 1635653.199285000562668, -4741987.948277000337839 ], [ 1615653.199285000562668, -4661987.948277000337839 ], [ 1628328.980535000562668, -4612598.299839500337839 ], [ 1695653.199285000562668, -4601987.948277000337839 ], [ 1833253.296941250562668, -4680215.487339500337839 ], [ 1966087.769597500562668, -4669541.659214500337839 ], [ 1975653.199285000562668, -4721987.948277000337839 ], [ 2035653.199285000562668, -4921987.948277000337839 ], [ 1875653.199285000562668, -5001987.948277000337839 ], [ 1766991.089910000562668, -4993928.866245750337839 ], [ 1761100.621775050414726, -5024092.633923032321036 ], [ 1667626.879189664730802, -5010019.077201692387462 ] ] ] ] } },
{ "type": "Feature", "properties": { "fid": 133, "CODE_WUTS5": "W13217", "CODE_ISO3": "SDN", "NAME": "Sudan", "CODE_WUTS4": "W1321", "CODE_WUTS3": "W132", "CODE_WUTS2": "W13", "CODE_WUTS1": "W1", "CODE_WUT_1": "W" }, "geometry": { "type": "MultiPolygon", "coordinates": [ [ [ [ 4295653.199285000562668, -8381987.948277000337839 ], [ 3614268.921941250562668, -8273706.698277000337839 ], [ 3395653.199285000562668, -8101987.948277000337839 ], [ 3220999.878972500562668, -7950027.499058250337839 ], [ 3227183.961003750562668, -7646987.948277000337839 ], [ 3345453.003972500562668, -7515413.241245750337839 ], [ 3195653.199285000562668, -7181987.948277000337839 ], [ 3278199.586003750562668, -7049148.592808250337839 ], [ 3195653.199285000562668, -6841987.948277000337839 ], [ 4506735.947213222272694, -6058649.183962102979422 ], [ 4729524.978161295875907, -6272321.812677789479494 ], [ 5005257.231983864679933, -6295894.305055963806808 ], [ 4913673.218816250562668, -6523054.842808250337839 ], [ 5035653.199285000562668, -6761987.948277000337839 ], [ 4970772.828191250562668, -7297776.522495750337839 ], [ 5067596.558660000562668, -7490769.686558250337839 ], [ 4986214.722722500562668, -7595781.893589500337839 ], [ 5535653.199285000562668, -7681987.948277000337839 ], [ 5335653.199285000562668, -7901987.948277000337839 ], [ 4935653.199285000562668, -8261987.948277000337839 ], [ 4295653.199285000562668, -8381987.948277000337839 ] ] ] ] } },
{ "type": "Feature", "properties": { "fid": 134, "CODE_WUTS5": "W1332C", "CODE_ISO3": "SEN", "NAME": "Senegal", "CODE_WUTS4": "W1332", "CODE_WUTS3": "W133", "CODE_WUTS2": "W13", "CODE_WUTS1": "W1", "CODE_WUT_1": "W" }, "geometry": { "type": "MultiPolygon", "coordinates": [ [ [ [ -1724346.800714999437332, -8461987.948277000337839 ], [ -2044346.800714999437332, -8361987.948277000337839 ], [ -2258464.232355624437332, -8295388.827183250337839 ], [ -2335256.224543124437332, -8314736.971714500337839 ], [ -2436100.936844408977777, -8289712.572217133827507 ], [ -2436421.649340644478798, -8286511.154362998902798 ], [ -2444195.489013698883355, -8208911.093820845708251 ], [ -2306567.460609337314963, -8246310.014582900330424 ], [ -2275421.910162044223398, -8220660.737743953242898 ], [ -2033585.871394824702293, -8314097.389085833914578 ], [ -2026257.506583696696907, -8264630.926610720343888 ], [ -2284582.36617595423013, -8165698.00166049413383 ], [ -2313895.825420465320349, -8185851.004891095682979 ], [ -2402609.850652298424393, -8158319.066026044078171 ], [ -2452217.50312285637483, -7998578.851590570993721 ], [ -2337362.076701929327101, -7876095.553158241324127 ], [ -2025646.849543124437332, -7912898.592808250337839 ], [ -1784346.800714999437332, -8161987.948277000337839 ], [ -1696177.855402499437332, -8405957.674839500337839 ], [ -1724346.800714999437332, -8461987.948277000337839 ] ] ] ] } },
{ "type": "Feature", "properties": { "fid": 135, "CODE_WUTS5": "W32225", "CODE_ISO3": "SGP", "NAME": "Singapore", "CODE_WUTS4": "W3222", "CODE_WUTS3": "W322", "CODE_WUTS2": "W32", "CODE_WUTS1": "W3", "CODE_WUT_1": "W" }, "geometry": { "type": "MultiPolygon", "coordinates": [ [ [ [ 9610406.72543359734118, 2477459.67944098636508 ], [ 9618798.578049506992102, 2413469.252385950181633 ], [ 9597449.989521585404873, 2395857.550354421604425 ], [ 9575536.807439533993602, 2401863.103468591347337 ], [ 9564957.080280566588044, 2427871.599401053506881 ], [ 9564877.136375363916159, 2428100.874532683752477 ], [ 9555081.647392023354769, 2462764.95209693023935 ], [ 9560374.143274227157235, 2486581.183566848281771 ], [ 9610406.72543359734118, 2477459.67944098636508 ] ] ] ] } },
{ "type": "Feature", "properties": { "fid": 136, "CODE_WUTS5": "W1332D", "CODE_ISO3": "SLE", "NAME": "Sierra Leone", "CODE_WUTS4": "W1332", "CODE_WUTS3": "W133", "CODE_WUTS2": "W13", "CODE_WUTS1": "W1", "CODE_WUT_1": "W" }, "geometry": { "type": "MultiPolygon", "coordinates": [ [ [ [ -2025370.533601209754124, -8755368.818042367696762 ], [ -1765584.593683749437332, -8699883.456089500337839 ], [ -1644346.800714999437332, -8921987.948277000337839 ], [ -1841103.95338278519921, -9040407.092056332156062 ], [ -2036150.073504068888724, -8933831.269907929003239 ], [ -2025370.533601209754124, -8755368.818042367696762 ] ] ] ] } },
{ "type": "Feature", "properties": { "fid": 137, "CODE_WUTS5": "W2212D", "CODE_ISO3": "SLV", "NAME": "El Salvador", "CODE_WUTS4": "W2212", "CODE_WUTS3": "W221", "CODE_WUTS2": "W22", "CODE_WUTS1": "W2", "CODE_WUT_1": "W" }, "geometry": { "type": "MultiPolygon", "coordinates": [ [ [ [ -8472883.574775135144591, -13785.937085216377454 ], [ -8443946.410089999437332, -41587.557652000337839 ], [ -8424346.800714999437332, -101987.948277000337839 ], [ -8433784.056574374437332, -152550.692417625337839 ], [ -8477491.331964999437332, -308480.868198875337839 ], [ -8546871.089439660310745, -304538.469644740864169 ], [ -8530822.668779071420431, -162242.473120849113911 ], [ -8472883.574775135144591, -13785.937085216377454 ] ] ] ] } },
{ "type": "Feature", "properties": { "fid": 138, "CODE_WUTS5": "W13218", "CODE_ISO3": "SOM", "NAME": "Somalia", "CODE_WUTS4": "W1321", "CODE_WUTS3": "W132", "CODE_WUTS2": "W13", "CODE_WUTS1": "W1", "CODE_WUT_1": "W" }, "geometry": { "type": "MultiPolygon", "coordinates": [ [ [ [ 6698967.744194881990552, -7626240.252835826016963 ], [ 6360355.347722500562668, -7317564.120152000337839 ], [ 6375653.199285000562668, -7161987.948277000337839 ], [ 6680099.000066250562668, -6700144.686558250337839 ], [ 6743765.992253750562668, -6190313.143589500337839 ], [ 6204083.375066250562668, -6490247.225620750337839 ], [ 6039825.562566250562668, -6511426.424839500337839 ], [ 5995653.199285000562668, -6461987.948277000337839 ], [ 5998608.897550093010068, -6394556.785531524568796 ], [ 6217684.817633515223861, -6345136.286326971836388 ], [ 6785398.114512614905834, -5498140.546639050357044 ], [ 6923873.413432789035141, -5699362.363530805334449 ], [ 7034763.451984041370451, -6448155.403909091837704 ], [ 6698967.744194881990552, -7626240.252835826016963 ] ] ] ] } },
{ "type": "Feature", "properties": { "fid": 139, "CODE_WUTS5": "W22135", "CODE_ISO3": "SUR", "NAME": "Suriname", "CODE_WUTS4": "W2213", "CODE_WUTS3": "W221", "CODE_WUTS2": "W22", "CODE_WUTS1": "W2", "CODE_WUT_1": "W" }, "geometry": { "type": "MultiPolygon", "coordinates": [ [ [ [ -7924346.800714999437332, -5681987.948277000337839 ], [ -8027387.572199374437332, -5496604.647495750337839 ], [ -8116177.855402499437332, -5473819.002964500337839 ], [ -8164346.800714999437332, -5381987.948277000337839 ], [ -8079516.478449374437332, -5033093.905308250337839 ], [ -7867572.754188881255686, -5089406.710668967105448 ], [ -7615825.533115305937827, -5491492.734907031990588 ], [ -7615796.100038907490671, -5491640.704974384047091 ], [ -7615947.884061814285815, -5491742.123816068284214 ], [ -7630176.101362493820488, -5499281.936053162440658 ], [ -7726153.441339999437332, -5517605.624058250337839 ], [ -7785010.863214999437332, -5667258.944370750337839 ], [ -7924346.800714999437332, -5681987.948277000337839 ] ] ] ] } },
{ "type": "Feature", "properties": { "fid": 140, "CODE_WUTS5": "W11217", "CODE_ISO3": "SVK", "NAME": "Slovakia", "CODE_WUTS4": "W1121", "CODE_WUTS3": "W112", "CODE_WUTS2": "W11", "CODE_WUTS1": "W1", "CODE_WUT_1": "W" }, "geometry": { "type": "MultiPolygon", "coordinates": [ [ [ [ 1355653.199285000562668, -4481987.948277000337839 ], [ 1335653.199285000562668, -4421987.948277000337839 ], [ 1349090.699285000562668, -4395425.448277000337839 ], [ 1406712.769597500562668, -4366275.057652000337839 ], [ 1435653.199285000562668, -4261987.948277000337839 ], [ 1558949.097722500562668, -4255466.952183250337839 ], [ 1755653.199285000562668, -4201987.948277000337839 ], [ 1755653.199285000562668, -4301987.948277000337839 ], [ 1666773.804753750562668, -4313103.670933250337839 ], [ 1508971.070378750562668, -4455305.819370750337839 ], [ 1355653.199285000562668, -4481987.948277000337839 ] ] ] ] } },
{ "type": "Feature", "properties": { "fid": 141, "CODE_WUTS5": "W11218", "CODE_ISO3": "SVN", "NAME": "Slovenia", "CODE_WUTS4": "W1121", "CODE_WUTS3": "W112", "CODE_WUTS2": "W11", "CODE_WUTS1": "W1", "CODE_WUT_1": "W" }, "geometry": { "type": "MultiPolygon", "coordinates": [ [ [ [ 1151437.012810279848054, -4783451.591872155666351 ], [ 1135653.199285000562668, -4721987.948277000337839 ], [ 1312059.449285000562668, -4648394.198277000337839 ], [ 1335653.199285000562668, -4621987.948277000337839 ], [ 1375653.199285000562668, -4621987.948277000337839 ], [ 1375653.199285000562668, -4661987.948277000337839 ], [ 1333399.781316250562668, -4672830.233433250337839 ], [ 1303399.781316250562668, -4789734.530308250337839 ], [ 1191422.246006504865363, -4831254.704469904303551 ], [ 1151437.012810279848054, -4783451.591872155666351 ] ] ] ] } },
{ "type": "Feature", "properties": { "fid": 142, "CODE_WUTS5": "W11118", "CODE_ISO3": "SWE", "NAME": "Sweden", "CODE_WUTS4": "W1111", "CODE_WUTS3": "W111", "CODE_WUTS2": "W11", "CODE_WUTS1": "W1", "CODE_WUT_1": "W" }, "geometry": { "type": "MultiPolygon", "coordinates": [ [ [ [ 692678.983361368998885, -3373412.676581691019237 ], [ 686034.058660000562668, -3111607.088902000337839 ], [ 607252.320378750562668, -2886834.139683250337839 ], [ 689178.589910000562668, -2810924.715855125337839 ], [ 681756.714910000562668, -2623672.518589500337839 ], [ 717335.328191250562668, -2363344.149448875337839 ], [ 782662.476628750562668, -2292838.778355125337839 ], [ 826034.058660000562668, -2272368.807652000337839 ], [ 855653.199285000562668, -2201987.948277000337839 ], [ 970880.250066250562668, -2249639.315464500337839 ], [ 1098623.189635798567906, -2466747.609242089092731 ], [ 996536.229614976677112, -2544293.51989793498069 ], [ 915511.112727734143846, -3068644.88503022538498 ], [ 1070542.132211739663035, -3190633.516154550015926 ], [ 1004327.734039058210328, -3264842.352492176461965 ], [ 1011927.18296953686513, -3607128.261098922695965 ], [ 924240.662056746543385, -3713516.553617487661541 ], [ 847982.678135541733354, -3679477.261564671061933 ], [ 692678.983361368998885, -3373412.676581691019237 ] ] ] ] } },
{ "type": "Feature", "properties": { "fid": 143, "CODE_WUTS5": "W13427", "CODE_ISO3": "SWZ", "NAME": "Swaziland", "CODE_WUTS4": "W1342", "CODE_WUTS3": "W134", "CODE_WUTS2": "W13", "CODE_WUTS1": "W1", "CODE_WUT_1": "W" }, "geometry": { "type": "MultiPolygon", "coordinates": [ [ [ [ 6795653.199285000562668, -10921987.948277 ], [ 6895653.199285000562668, -10981987.948277 ], [ 6865389.527410000562668, -11078848.299839500337839 ], [ 6682616.089910000562668, -11150701.327183250337839 ], [ 6619923.218816250562668, -11110420.565464500337839 ], [ 6669491.089910000562668, -10989309.725620750337839 ], [ 6795653.199285000562668, -10921987.948277 ] ] ] ] } },
{ "type": "Feature", "properties": { "fid": 144, "CODE_WUTS5": "W12125", "CODE_ISO3": "SYR", "NAME": "Syrian Arab Republic", "CODE_WUTS4": "W1212", "CODE_WUTS3": "W121", "CODE_WUTS2": "W12", "CODE_WUTS1": "W1", "CODE_WUT_1": "W" }, "geometry": { "type": "MultiPolygon", "coordinates": [ [ [ [ 3688341.905487060081214, -5137250.529426167719066 ], [ 3685554.615037733688951, -4960410.152805643156171 ], [ 3612656.257706138305366, -4987524.785715566016734 ], [ 3525601.064696323126554, -4878741.119822511449456 ], [ 3577386.057530481368303, -4728616.948677022941411 ], [ 3975653.199285000562668, -4361987.948277000337839 ], [ 4064696.168035000562668, -4663777.499058250337839 ], [ 3955653.199285000562668, -4921987.948277000337839 ], [ 3860374.878972500562668, -5120689.120152000337839 ], [ 3735653.199285000562668, -5181987.948277000337839 ], [ 3693613.354837176389992, -5137668.898422208614647 ], [ 3688341.905487060081214, -5137250.529426167719066 ] ] ] ] } },
{ "type": "Feature", "properties": { "fid": 145, "CODE_WUTS5": "W13126", "CODE_ISO3": "TCD", "NAME": "Chad", "CODE_WUTS4": "W1312", "CODE_WUTS3": "W131", "CODE_WUTS2": "W13", "CODE_WUTS1": "W1", "CODE_WUT_1": "W" }, "geometry": { "type": "MultiPolygon", "coordinates": [ [ [ [ 2003068.767003076383844, -8139475.786574908532202 ], [ 2170345.582097500562668, -7828084.139683250337839 ], [ 2131751.832097500562668, -7460725.741245750337839 ], [ 1935653.199285000562668, -7221987.948277000337839 ], [ 2018409.546941250562668, -7132671.542027000337839 ], [ 3195653.199285000562668, -7181987.948277000337839 ], [ 3345453.003972500562668, -7515413.241245750337839 ], [ 3227183.961003750562668, -7646987.948277000337839 ], [ 3220999.878972500562668, -7950027.499058250337839 ], [ 3395653.199285000562668, -8101987.948277000337839 ], [ 2911878.785222500562668, -8615911.288120750337839 ], [ 2435653.199285000562668, -8821987.948277000337839 ], [ 2186397.828191250562668, -8667193.026402000337839 ], [ 2333863.648503750562668, -8580474.276402000337839 ], [ 2237235.230535000562668, -8334390.292027000337839 ], [ 2155024.386634069494903, -8326004.125621042214334 ], [ 2170788.225658717565238, -8267804.189539595507085 ], [ 2003068.767003076383844, -8139475.786574908532202 ] ] ] ] } },
{ "type": "Feature", "properties": { "fid": 146, "CODE_WUTS5": "W1332E", "CODE_ISO3": "TGO", "NAME": "Togo", "CODE_WUTS4": "W1332", "CODE_WUTS3": "W133", "CODE_WUTS2": "W13", "CODE_WUTS1": "W1", "CODE_WUT_1": "W" }, "geometry": { "type": "MultiPolygon", "coordinates": [ [ [ [ 163430.940524864650797, -9311726.678004803135991 ], [ 84015.015691250562668, -9253067.049839500337839 ], [ 103414.429753750562668, -9121795.077183250337839 ], [ 15653.199285000562668, -8761987.948277000337839 ], [ 135653.199285000562668, -8801987.948277000337839 ], [ 242694.214910000562668, -8970947.909214500337839 ], [ 274783.592387773212977, -9285157.505940694361925 ], [ 163430.940524864650797, -9311726.678004803135991 ] ] ] ] } },
{ "type": "Feature", "properties": { "fid": 147, "CODE_WUTS5": "W31333", "CODE_ISO3": "THA", "NAME": "Thailand", "CODE_WUTS4": "W3133", "CODE_WUTS3": "W313", "CODE_WUTS2": "W31", "CODE_WUTS1": "W3", "CODE_WUT_1": "W" }, "geometry": { "type": "MultiPolygon", "coordinates": [ [ [ [ 8738489.545176841318607, 1345711.659296446479857 ], [ 8530943.192434649914503, 1416070.549147167941555 ], [ 8262614.489730912260711, 1225393.474363170331344 ], [ 8105890.015691250562668, 1228834.805629249662161 ], [ 7911749.390691250562668, 1037411.465785499662161 ], [ 7749537.476628750562668, 1091896.329066749662161 ], [ 7615653.199285000562668, 1378012.051722999662161 ], [ 7715611.695378750562668, 1527817.959926124662161 ], [ 7882721.070378750562668, 1552140.469691749662161 ], [ 7729669.312566250562668, 1894652.676722999662161 ], [ 8019906.128972500562668, 2237433.438441749662161 ], [ 8115653.199285000562668, 2238012.051722999662161 ], [ 8213756.226628750562668, 1894254.727504249662161 ], [ 8323385.132878750562668, 1825587.735316749662161 ], [ 8420724.230200430378318, 1871878.851364615373313 ], [ 8428067.235294044017792, 1648213.618389114271849 ], [ 8342268.000537684187293, 1592395.214492100290954 ], [ 8377966.463201106525958, 1488448.614154211478308 ], [ 8864261.800349518656731, 1456535.48265384696424 ], [ 8863863.726608930155635, 1523127.634547837777063 ], [ 9012977.13704801723361, 1667549.169920509215444 ], [ 9146742.39181686937809, 1906269.062851802445948 ], [ 9185272.339910000562668, 1870568.204066749662161 ], [ 9124488.648503750562668, 1668649.258754249662161 ], [ 9009236.9419064540416, 1392021.461158693302423 ], [ 8990535.966198638081551, 1293529.655764198163524 ], [ 8738489.545176841318607, 1345711.659296446479857 ] ] ] ] } },
{ "type": "Feature", "properties": { "fid": 148, "CODE_WUTS5": "W12213", "CODE_ISO3": "TJK", "NAME": "Tajikistan", "CODE_WUTS4": "W1221", "CODE_WUTS3": "W122", "CODE_WUTS2": "W12", "CODE_WUTS1": "W1", "CODE_WUT_1": "W" }, "geometry": { "type": "MultiPolygon", "coordinates": [ [ [ [ 5435653.199285000562668, -2221987.948277000337839 ], [ 5253175.171941250562668, -2109843.172886375337839 ], [ 5146759.156316250562668, -1928810.458042625337839 ], [ 5172149.781316250562668, -1817577.547886375337839 ], [ 5235653.199285000562668, -1841987.948277000337839 ], [ 5296114.625066250562668, -1865227.694370750337839 ], [ 5415653.199285000562668, -1601987.948277000337839 ], [ 5486839.722722500562668, -1583718.905308250337839 ], [ 5548910.035222500562668, -1493819.002964500337839 ], [ 5655653.199285000562668, -1541987.948277000337839 ], [ 5587972.535222500562668, -1857321.200230125337839 ], [ 5426578.492253750562668, -1887693.514683250337839 ], [ 5502813.843816250562668, -1993622.469761375337839 ], [ 5435653.199285000562668, -2221987.948277000337839 ] ] ] ] } },
{ "type": "Feature", "properties": { "fid": 149, "CODE_WUTS5": "W12214", "CODE_ISO3": "TKM", "NAME": "Turkmenistan", "CODE_WUTS4": "W1221", "CODE_WUTS3": "W122", "CODE_WUTS2": "W12", "CODE_WUTS1": "W1", "CODE_WUT_1": "W" }, "geometry": { "type": "MultiPolygon", "coordinates": [ [ [ [ 4282724.280681080184877, -3173060.659170036669821 ], [ 4271876.343816250562668, -3165570.711948875337839 ], [ 4341744.507878750562668, -3075419.344761375337839 ], [ 4460255.250066250562668, -3101986.727573875337839 ], [ 4475653.199285000562668, -3041987.948277000337839 ], [ 4544117.554753750562668, -2983003.573277000337839 ], [ 4486397.828191250562668, -2879551.424839500337839 ], [ 4512801.636785000562668, -2725069.002964500337839 ], [ 4724144.410222500562668, -2655344.881870750337839 ], [ 4799825.562566250562668, -2567501.864292625337839 ], [ 4957108.277410000562668, -2573711.581089500337839 ], [ 5324337.281316250562668, -2323142.733433250337839 ], [ 5375653.199285000562668, -2341987.948277000337839 ], [ 5346895.875066250562668, -2431987.948277000337839 ], [ 5410462.769597500562668, -2800646.395542625337839 ], [ 5335653.199285000562668, -2921987.948277000337839 ], [ 5220955.933660000562668, -2879867.586948875337839 ], [ 4788924.683660000562668, -3216227.450230125337839 ], [ 4754639.253328159451485, -3444748.917485615238547 ], [ 4601712.699826710857451, -3332165.02309940662235 ], [ 4438784.100209704600275, -3344064.510525019839406 ], [ 4412002.143710200674832, -3156090.883514391258359 ], [ 4282724.280681080184877, -3173060.659170036669821 ] ] ] ] } },
{ "type": "Feature", "properties": { "fid": 150, "CODE_WUTS5": "W2212E", "CODE_ISO3": "TTO", "NAME": "Trinidad and Tobago", "CODE_WUTS4": "W2212", "CODE_WUTS3": "W221", "CODE_WUTS2": "W22", "CODE_WUTS1": "W2", "CODE_WUT_1": "W" }, "geometry": { "type": "MultiPolygon", "coordinates": [ [ [ [ -7770124.843392666429281, -4222360.942160301841795 ], [ -7680952.330051158554852, -4189664.353935082443058 ], [ -7608899.670166931115091, -4266863.632382470183074 ], [ -7711228.699168403632939, -4323019.806834496557713 ], [ -7770124.843392666429281, -4222360.942160301841795 ] ] ] ] } },
{ "type": "Feature", "properties": { "fid": 151, "CODE_WUTS5": "W12115", "CODE_ISO3": "TUN", "NAME": "Tunisia", "CODE_WUTS4": "W1211", "CODE_WUTS3": "W121", "CODE_WUTS2": "W12", "CODE_WUTS1": "W1", "CODE_WUT_1": "W" }, "geometry": { "type": "MultiPolygon", "coordinates": [ [ [ [ 1095653.199285000562668, -6541987.948277000337839 ], [ 820228.394597500562668, -6223115.877964500337839 ], [ 872080.114978124154732, -5869841.178724037483335 ], [ 1098340.009307852480561, -5834950.958322945050895 ], [ 1127035.280683462740853, -6108516.41331354342401 ], [ 1272650.003181318519637, -6235746.404906605370343 ], [ 1158922.242253750562668, -6532017.245152000337839 ], [ 1095653.199285000562668, -6541987.948277000337839 ] ] ] ] } },
{ "type": "Feature", "properties": { "fid": 152, "CODE_WUTS5": "W11228", "CODE_ISO3": "TUR", "NAME": "Turkey", "CODE_WUTS4": "W1122", "CODE_WUTS3": "W112", "CODE_WUTS2": "W11", "CODE_WUTS1": "W1", "CODE_WUT_1": "W" }, "geometry": { "type": "MultiPolygon", "coordinates": [ [ [ [ 2460155.249029462225735, -4956336.4257877394557 ], [ 2412628.179151933640242, -4915186.248210837133229 ], [ 2395653.199285000562668, -4841987.948277000337839 ], [ 2406939.820378750562668, -4775552.401402000337839 ], [ 2479748.001298310235143, -4755277.296089164912701 ], [ 2634697.688969073817134, -4743145.302718642167747 ], [ 2640931.347538345493376, -4776807.058992709964514 ], [ 2538699.347002287395298, -4840390.37639928329736 ], [ 2460155.249029462225735, -4956336.4257877394557 ] ] ], [ [ [ 3609815.893075174186379, -4011541.401815543882549 ], [ 3755653.199285000562668, -3961987.948277000337839 ], [ 3845645.875066250562668, -4013150.057652000337839 ], [ 3955653.199285000562668, -3961987.948277000337839 ], [ 3926397.828191250562668, -4041655.917027000337839 ], [ 4115653.199285000562668, -4181987.948277000337839 ], [ 3975653.199285000562668, -4361987.948277000337839 ], [ 3577386.057530481368303, -4728616.948677022941411 ], [ 3525601.064696323126554, -4878741.119822511449456 ], [ 3437504.265452920924872, -4826047.707190943881869 ], [ 3212718.9684560704045, -5042787.306072609499097 ], [ 3029874.812151960097253, -5056630.815025318413973 ], [ 2962763.067755281925201, -5205635.351964170113206 ], [ 2859525.869925406761467, -5177209.859392447397113 ], [ 2705997.043647938873619, -5267880.772202476859093 ], [ 2473321.455849314108491, -4968089.840991393662989 ], [ 2503743.415617740247399, -4925913.942221531644464 ], [ 2575493.797373470850289, -4907550.273484885692596 ], [ 2675839.835526267997921, -4809222.083552923984826 ], [ 2657138.859818452503532, -4736911.644149370491505 ], [ 3031158.373974761925638, -4414008.130261090584099 ], [ 3409466.267815128900111, -4302036.581669887527823 ], [ 3609815.893075174186379, -4011541.401815543882549 ] ] ] ] } },
{ "type": "Feature", "properties": { "fid": 153, "CODE_WUTS5": "W32122", "CODE_ISO3": "TWN", "NAME": "Taiwan", "CODE_WUTS4": "W3212", "CODE_WUTS3": "W321", "CODE_WUTS2": "W32", "CODE_WUTS1": "W3", "CODE_WUT_1": "W" }, "geometry": { "type": "MultiPolygon", "coordinates": [ [ [ [ 6503638.52776959631592, 3911991.843173548113555 ], [ 6515238.039476609788835, 3752558.147455531172454 ], [ 6481302.947132909670472, 3718312.476525481324643 ], [ 6184189.258775467053056, 3718285.453029488679022 ], [ 6115981.067709567025304, 3843333.803316973615438 ], [ 6503638.52776959631592, 3911991.843173548113555 ] ] ] ] } },
{ "type": "Feature", "properties": { "fid": 154, "CODE_WUTS5": "W13428", "CODE_ISO3": "TZA", "NAME": "Tanzania, U. Rep. of", "CODE_WUTS4": "W1342", "CODE_WUTS3": "W134", "CODE_WUTS2": "W13", "CODE_WUTS1": "W1", "CODE_WUT_1": "W" }, "geometry": { "type": "MultiPolygon", "coordinates": [ [ [ [ 5682150.67010192759335, -8365651.493846292607486 ], [ 6619730.950146996416152, -8173559.963723566383123 ], [ 6798402.004131656140089, -8270204.722642256878316 ], [ 6931113.075958812609315, -8489478.072937067598104 ], [ 7207491.6589568965137, -8518660.072135336697102 ], [ 6492401.052651213482022, -9236481.007240515202284 ], [ 6365893.719591698609293, -9200277.314199419692159 ], [ 6365879.565199330449104, -9200273.101363930851221 ], [ 6225848.810088416561484, -9146506.681930178776383 ], [ 6151268.3055529166013, -9208910.142999824136496 ], [ 6015653.199285000562668, -9281987.948277000337839 ], [ 5714103.375279970467091, -9354895.801370568573475 ], [ 5326488.520530302077532, -9241595.284450469538569 ], [ 5221190.703628381714225, -9100666.839778658002615 ], [ 5291485.718816250562668, -8931873.202183250337839 ], [ 5215653.199285000562668, -8861987.948277000337839 ], [ 5244322.632878750562668, -8783919.100620750337839 ], [ 5155653.199285000562668, -8701987.948277000337839 ], [ 5324514.978936544619501, -8584658.223373731598258 ], [ 5381097.209480592980981, -8744416.048876324668527 ], [ 5645977.452188592404127, -8599730.600666357204318 ], [ 5682150.67010192759335, -8365651.493846292607486 ] ] ] ] } },
{ "type": "Feature", "properties": { "fid": 155, "CODE_WUTS5": "W13219", "CODE_ISO3": "UGA", "NAME": "Uganda", "CODE_WUTS4": "W1321", "CODE_WUTS3": "W132", "CODE_WUTS2": "W13", "CODE_WUTS1": "W1", "CODE_WUT_1": "W" }, "geometry": { "type": "MultiPolygon", "coordinates": [ [ [ [ 4995653.199285000562668, -8821987.948277000337839 ], [ 4990804.566472500562668, -8374575.838902000337839 ], [ 4935653.199285000562668, -8261987.948277000337839 ], [ 5335653.199285000562668, -7901987.948277000337839 ], [ 5628641.480535000562668, -8010044.588902000337839 ], [ 5582857.44923915527761, -8262558.093418198637664 ], [ 5313821.883263609372079, -8446195.386411963030696 ], [ 5324514.978936543688178, -8584658.223373731598258 ], [ 5155653.199285000562668, -8701987.948277000337839 ], [ 4995653.199285000562668, -8821987.948277000337839 ] ] ] ] } },
{ "type": "Feature", "properties": { "fid": 156, "CODE_WUTS5": "W11236", "CODE_ISO3": "UKR", "NAME": "Ukraine", "CODE_WUTS4": "W1123", "CODE_WUTS3": "W112", "CODE_WUTS2": "W11", "CODE_WUTS1": "W1", "CODE_WUT_1": "W" }, "geometry": { "type": "MultiPolygon", "coordinates": [ [ [ [ 2448910.035222500562668, -4313819.002964500337839 ], [ 2375101.441472500562668, -4390156.893589500337839 ], [ 2355653.199285000562668, -4361987.948277000337839 ], [ 2390897.339910000562668, -4189191.317417625337839 ], [ 2289742.554753750562668, -4111112.704136375337839 ], [ 2168690.308660000562668, -4093275.790073875337839 ], [ 2115653.199285000562668, -4161987.948277000337839 ], [ 1815653.199285000562668, -4321987.948277000337839 ], [ 1815653.199285000562668, -4301987.948277000337839 ], [ 1755653.199285000562668, -4301987.948277000337839 ], [ 1755653.199285000562668, -4201987.948277000337839 ], [ 1784041.871160000562668, -4016613.192417625337839 ], [ 1735653.199285000562668, -3941987.948277000337839 ], [ 1756016.968816250562668, -3877670.321323875337839 ], [ 2187584.351628750562668, -3710733.065464500337839 ], [ 2215653.199285000562668, -3601987.948277000337839 ], [ 2345653.199285000562668, -3496536.288120750337839 ], [ 2626258.668035000562668, -3572839.999058250337839 ], [ 2895362.671941250562668, -3457435.946323875337839 ], [ 2978094.605535000562668, -3589987.215855125337839 ], [ 2942725.953191250562668, -3719221.834995750337839 ], [ 2781512.59177306201309, -3986126.626598839182407 ], [ 2820110.198952667415142, -4061231.906971586868167 ], [ 2976350.16901972796768, -3976010.10511682741344 ], [ 3003000.349796673748642, -4037542.871236592996866 ], [ 2842094.28817794052884, -4189175.011428658850491 ], [ 2509628.724876616615802, -4134687.673225669190288 ], [ 2448910.035222500562668, -4313819.002964500337839 ] ] ] ] } },
{ "type": "Feature", "properties": { "fid": 157, "CODE_WUTS5": "W22224", "CODE_ISO3": "URY", "NAME": "Uruguay", "CODE_WUTS4": "W2222", "CODE_WUTS3": "W222", "CODE_WUTS2": "W22", "CODE_WUTS1": "W2", "CODE_WUT_1": "W" }, "geometry": { "type": "MultiPolygon", "coordinates": [ [ [ [ -11686975.21694840118289, -7203389.419333050958812 ], [ -11421686.888605624437332, -7133157.381870750337839 ], [ -11328019.896418124437332, -7131245.760777000337839 ], [ -11244346.800715, -7181987.948277000337839 ], [ -10985834.837824374437332, -7863474.764683250337839 ], [ -10915090.208918124437332, -8056116.366245750337839 ], [ -10933929.320246249437332, -8154431.795933250337839 ], [ -11022466.6297070030123, -8189586.312372020445764 ], [ -11287322.838432818651199, -8012275.303715602494776 ], [ -11520013.295283362269402, -7661728.698806480504572 ], [ -11686975.21694840118289, -7203389.419333050958812 ] ] ] ] } },
{ "type": "Feature", "properties": { "fid": 158, "CODE_WUTS5": "W21020", "CODE_ISO3": "USA", "NAME": "United States", "CODE_WUTS4": "W2102", "CODE_WUTS3": "W210", "CODE_WUTS2": "W21", "CODE_WUTS1": "W2", "CODE_WUT_1": "W" }, "geometry": { "type": "MultiPolygon", "coordinates": [ [ [ [ -1456839.740058226976544, 1792262.777135426411405 ], [ -2075988.646418124437332, 2561409.268519874662161 ], [ -2340860.472589999437332, 2530389.981410499662161 ], [ -2375202.513605624437332, 2424559.903285499662161 ], [ -2888616.820246249437332, 2466292.081019874662161 ], [ -2977007.894439836964011, 2514477.198502685409039 ], [ -2721569.673537496477365, 2641857.039164047688246 ], [ -1812734.595000677974895, 2742465.582071197684854 ], [ -1607398.647666229167953, 3021734.032311532180756 ], [ -1664748.746526191476732, 3203055.264184408355504 ], [ -1619056.659719842951745, 3293506.970085212029517 ], [ -1462854.253631977364421, 3279102.183067165780813 ], [ -1444694.544601287459955, 3325236.758120181970298 ], [ -1331525.309700535144657, 3244238.888279625214636 ], [ -1128976.376773008843884, 3304127.33596332045272 ], [ -1005672.712373076588847, 3173745.830443254671991 ], [ -798963.442618927103467, 3214278.182841151021421 ], [ -832158.725358030758798, 3137345.119908294640481 ], [ -780253.333939152187668, 3074466.745756847783923 ], [ -969453.930595528450795, 2747768.180625325068831 ], [ -926402.71796869370155, 2681348.0904904701747 ], [ -671008.949679505778477, 2725831.560824966523796 ], [ -607848.143003345816396, 2679019.689692766871303 ], [ -755211.478062370908447, 2463585.252168538514525 ], [ -598902.706808490096591, 2286335.97242447687313 ], [ -857571.873995998990722, 1941296.32468627509661 ], [ -1456839.740058226976544, 1792262.777135426411405 ] ] ], [ [ [ -3960124.048418092541397, 2635350.417278583161533 ], [ -3942408.854160923045129, 2498496.395662719383836 ], [ -3873208.013205097056925, 2482213.844849583692849 ], [ -3872164.183527499437332, 2431080.899379249662161 ], [ -4202720.824152499437332, 1807689.786097999662161 ], [ -4487574.339777499437332, 918157.315394874662161 ], [ -4532121.458918124437332, 408973.965785499662161 ], [ -4584747.191339999437332, 358412.442347999662161 ], [ -4686160.45833454746753, 11978.916425970950513 ], [ -4772113.170070863328874, 131449.589502941729734 ], [ -4803071.155424159951508, 131879.561521737516159 ], [ -4864369.089792776852846, 32368.31371191825383 ], [ -4785933.187295549549162, -123586.713744767635944 ], [ -4774050.429197487421334, -133707.458044847182464 ], [ -4745404.154934336431324, -138762.479400838434231 ], [ -4837392.71402892190963, -186053.445698127208743 ], [ -4848253.599811775609851, -197915.458948415092891 ], [ -4838381.74649909697473, -460999.817140794184525 ], [ -4894994.063439550809562, -476183.149630038300529 ], [ -4905531.028569336049259, -330629.696847200626507 ], [ -4966039.822191152721643, -242193.767707622842863 ], [ -5019566.831933529116213, -204957.587017273996025 ], [ -5105675.499779960140586, -202630.325724127236754 ], [ -5184802.383746950887144, -193321.280551540199667 ], [ -5301165.44840429071337, -188666.757965246681124 ], [ -5436146.603406804613769, -221248.416069301776588 ], [ -5429164.819527364335954, -293393.516156852245331 ], [ -5322110.800042611546814, -337611.480726641137153 ], [ -5210402.257971566170454, -337611.480726641137153 ], [ -5091711.932021079584956, -323647.912967760348693 ], [ -5000948.74158835504204, -384156.706589577021077 ], [ -4945672.82830261439085, -408935.564269391819835 ], [ -4922895.978218201547861, -510007.836518976429943 ], [ -5081729.842730755917728, -607292.796158038894646 ], [ -5081919.929456246085465, -607577.281046813935973 ], [ -5200209.358592321164906, -689876.526434854487889 ], [ -5308191.160094313323498, -637291.85696321434807 ], [ -5351123.138273194432259, -624456.998991370666772 ], [ -5388127.968937414698303, -739002.688247995916754 ], [ -5183411.552576503716409, -1016820.832828859449364 ], [ -5180438.255125810392201, -1017803.090064911753871 ], [ -5180308.407381975091994, -1017822.351158223114908 ], [ -5149478.745360494591296, -1000322.39576574950479 ], [ -5142104.663941359147429, -1002715.339321797247976 ], [ -5074362.307182150892913, -1218846.353418212616816 ], [ -4912704.772385004907846, -1256436.167799218557775 ], [ -4838235.960871249437332, -1318040.194370750337839 ], [ -4757564.574152499437332, -1589287.752964500337839 ], [ -4722073.851496249437332, -1623388.094761375337839 ], [ -4457077.513605624437332, -1675120.272495750337839 ], [ -4434546.996027499437332, -1803273.348667625337839 ], [ -4561480.589777499437332, -1864854.159214500337839 ], [ -4592471.18234300147742, -1928734.618329338496551 ], [ -4798547.407116310670972, -1759651.838914028834552 ], [ -4999652.956008111126721, -1713391.102652235655114 ], [ -5086955.699747688136995, -1816892.863892555702478 ], [ -5184241.666779256425798, -1573970.064624652499333 ], [ -5481191.562327421270311, -1433196.462973615387455 ], [ -5726485.683031713590026, -1409037.077608724590391 ], [ -5920071.474766554310918, -1496337.701985604129732 ], [ -6345774.473359896801412, -1015363.83773778390605 ], [ -6554383.483002017252147, -961838.803503392264247 ], [ -6953461.353125124238431, -1204587.202851054258645 ], [ -7083116.437542988918722, -1188272.391379912151024 ], [ -7105049.99398978240788, -1149566.321885792771354 ], [ -6929990.095777926966548, -930385.137453419156373 ], [ -6736053.673401090316474, -880312.750255867489614 ], [ -6625458.468720509670675, -740298.518137821927667 ], [ -6616114.686384914442897, -112243.160287876977236 ], [ -6691978.58965309523046, -38889.768824149825377 ], [ -6762716.246608505956829, -63413.567803820908011 ], [ -6756927.317824987694621, -33520.957691027644614 ], [ -6756838.757125618867576, -33355.272276052848611 ], [ -6665011.17299089487642, 462553.832260775030591 ], [ -6819518.387972663156688, 873467.049962915014476 ], [ -7053935.332787767983973, 948462.938185344450176 ], [ -7000836.058527499437332, 1106701.016566749662161 ], [ -6593334.837824374437332, 1308259.854457374662161 ], [ -6541074.095636874437332, 1415983.243129249662161 ], [ -6599175.902277499437332, 1559225.430629249662161 ], [ -6547564.574152499437332, 1659412.198207374662161 ], [ -6198846.312433749437332, 1884552.579066749662161 ], [ -6110240.355402499437332, 2341311.612269874662161 ], [ -5794146.605402499437332, 2707811.856410499662161 ], [ -5698734.157932864502072, 2913859.537935961037874 ], [ -5582333.238685571588576, 2916970.111024144571275 ], [ -5383567.281537218019366, 3067111.972279855515808 ], [ -5254123.306590761989355, 3123651.420670885592699 ], [ -4815702.366801812313497, 3129784.466355166397989 ], [ -4351492.388484418392181, 2959529.941816755570471 ], [ -3960124.048418092541397, 2635350.417278583161533 ] ] ] ] } },
{ "type": "Feature", "properties": { "fid": 159, "CODE_WUTS5": "W12215", "CODE_ISO3": "UZB", "NAME": "Uzbekistan", "CODE_WUTS4": "W1221", "CODE_WUTS3": "W122", "CODE_WUTS2": "W12", "CODE_WUTS1": "W1", "CODE_WUT_1": "W" }, "geometry": { "type": "MultiPolygon", "coordinates": [ [ [ [ 4475653.199285000562668, -3041987.948277000337839 ], [ 4160611.695378750562668, -2807525.057652000337839 ], [ 4277669.143273010849953, -2561349.568065842147917 ], [ 4380738.803331937640905, -2607132.685235113836825 ], [ 4452402.53478738386184, -2485496.642314362339675 ], [ 4575416.382878750562668, -2419624.667027000337839 ], [ 4682384.156316250562668, -2192969.393589500337839 ], [ 4775916.871160000562668, -2148827.547886375337839 ], [ 4973658.570378750562668, -2148895.907261375337839 ], [ 5098224.000066250562668, -2014456.209995750337839 ], [ 5035653.199285000562668, -1721987.948277000337839 ], [ 5101004.761785000562668, -1765172.762730125337839 ], [ 5151043.824285000562668, -1677505.526402000337839 ], [ 5240169.800847500562668, -1657525.057652000337839 ], [ 5235653.199285000562668, -1841987.948277000337839 ], [ 5172149.781316250562668, -1817577.547886375337839 ], [ 5146759.156316250562668, -1928810.458042625337839 ], [ 5253175.171941250562668, -2109843.172886375337839 ], [ 5435653.199285000562668, -2221987.948277000337839 ], [ 5375653.199285000562668, -2341987.948277000337839 ], [ 5324337.281316250562668, -2323142.733433250337839 ], [ 4957108.277410000562668, -2573711.581089500337839 ], [ 4799825.562566250562668, -2567501.864292625337839 ], [ 4724144.410222500562668, -2655344.881870750337839 ], [ 4512801.636785000562668, -2725069.002964500337839 ], [ 4486397.828191250562668, -2879551.424839500337839 ], [ 4544117.554753750562668, -2983003.573277000337839 ], [ 4475653.199285000562668, -3041987.948277000337839 ] ] ] ] } },
{ "type": "Feature", "properties": { "fid": 160, "CODE_WUTS5": "W22136", "CODE_ISO3": "VEN", "NAME": "Venezuela", "CODE_WUTS4": "W2213", "CODE_WUTS3": "W221", "CODE_WUTS2": "W22", "CODE_WUTS1": "W2", "CODE_WUT_1": "W" }, "geometry": { "type": "MultiPolygon", "coordinates": [ [ [ [ -8575452.757746249437332, -2593093.905308250337839 ], [ -8403525.267511874437332, -2614597.811558250337839 ], [ -8316479.326384131796658, -2691812.56091337185353 ], [ -8364584.529198706150055, -2755383.437096427194774 ], [ -8493322.651140764355659, -2723961.11399890948087 ], [ -8575630.246376262977719, -2866834.675539775751531 ], [ -8518170.227060915902257, -2921188.747865105513483 ], [ -8400144.241440199315548, -2921188.747865105513483 ], [ -8354752.838552510365844, -2843645.101265303790569 ], [ -8305636.964426196180284, -2840638.006931039504707 ], [ -8161586.583445620723069, -2989232.324469016864896 ], [ -8219189.791031654924154, -3305987.532023950945586 ], [ -8082179.288361863233149, -3756335.296972963027656 ], [ -8013038.52830196917057, -3834249.860701647121459 ], [ -7928345.457123699598014, -3815286.756063396576792 ], [ -7928067.451624258421361, -3815231.45733135798946 ], [ -7927925.332101746462286, -3815444.154227737337351 ], [ -7816086.842087265104055, -4127907.021333110984415 ], [ -7816087.529752723872662, -4127910.478460831101984 ], [ -7816309.872877676039934, -4128059.043387211859226 ], [ -7886176.435416917316616, -4171784.310192266944796 ], [ -7851889.835809141397476, -4359442.278322792612016 ], [ -7903731.557423993945122, -4402820.302115548402071 ], [ -7881920.199180879630148, -4537264.670308644883335 ], [ -8034636.107355624437332, -4574114.413120750337839 ], [ -8104382.201105624437332, -4487017.245152000337839 ], [ -8202993.040949374437332, -4499282.870152000337839 ], [ -8224346.800714999437332, -4621987.948277000337839 ], [ -8534704.466730624437332, -4372468.905308250337839 ], [ -8638372.679621249437332, -4152368.807652000337839 ], [ -8734053.831964999437332, -4352832.674839500337839 ], [ -9088790.160089999437332, -3965271.639683250337839 ], [ -9024346.800714999437332, -3781987.948277000337839 ], [ -8615585.814386874437332, -3545042.147495750337839 ], [ -8773965.941339999437332, -2816944.002964500337839 ], [ -8575452.757746249437332, -2593093.905308250337839 ] ] ] ] } },
{ "type": "Feature", "properties": { "fid": 161, "CODE_WUTS5": "W31334", "CODE_ISO3": "VNM", "NAME": "Viet Nam", "CODE_WUTS4": "W3133", "CODE_WUTS3": "W313", "CODE_WUTS2": "W31", "CODE_WUTS1": "W3", "CODE_WUT_1": "W" }, "geometry": { "type": "MultiPolygon", "coordinates": [ [ [ [ 7375653.199285000562668, 1578012.051722999662161 ], [ 7166578.492253750562668, 2117246.670863624662161 ], [ 7251151.59572319407016, 2296389.026185907423496 ], [ 7534353.324416733346879, 2136320.294329753145576 ], [ 7883197.857962490990758, 2663648.985442371107638 ], [ 8237816.691680219955742, 2833762.275690565817058 ], [ 8713728.00145573541522, 2342788.955799634102732 ], [ 8557141.108860149979591, 2243585.683032103814185 ], [ 8426331.910222500562668, 2408870.206019874662161 ], [ 8375418.824285000562668, 2404779.629847999662161 ], [ 8240128.296941250562668, 2593192.715785499662161 ], [ 7995653.199285000562668, 2518012.051722999662161 ], [ 7853819.703191250562668, 2438350.186488624662161 ], [ 7600858.277410000562668, 1908755.459926124662161 ], [ 7488448.609441250562668, 1987268.643519874662161 ], [ 7375653.199285000562668, 1578012.051722999662161 ] ] ] ] } },
{ "type": "Feature", "properties": { "fid": 162, "CODE_WUTS5": "W12126", "CODE_ISO3": "WBG", "NAME": "Occupied Palestinian Territ", "CODE_WUTS4": "W1212", "CODE_WUTS3": "W121", "CODE_WUTS2": "W12", "CODE_WUTS1": "W1", "CODE_WUT_1": "W" }, "geometry": { "type": "MultiPolygon", "coordinates": [ [ [ [ 3735653.199285000562668, -5221987.948277000337839 ], [ 3775653.199285000562668, -5321987.948277000337839 ], [ 3740868.043035000562668, -5365982.088902000337839 ], [ 3686250.872735454235226, -5234448.098117049783468 ], [ 3735653.199285000562668, -5221987.948277000337839 ] ] ] ] } },
{ "type": "Feature", "properties": { "fid": 163, "CODE_WUTS5": "W12229", "CODE_ISO3": "YEM", "NAME": "Yemen", "CODE_WUTS4": "W1222", "CODE_WUTS3": "W122", "CODE_WUTS2": "W12", "CODE_WUTS1": "W1", "CODE_WUT_1": "W" }, "geometry": { "type": "MultiPolygon", "coordinates": [ [ [ [ 5563086.716598505154252, -5978936.428498050197959 ], [ 5556754.273503750562668, -5872676.424839500337839 ], [ 5973673.218816250562668, -5516563.143589500337839 ], [ 5985638.550847500562668, -5227903.475620750337839 ], [ 6235653.199285000562668, -4861987.948277000337839 ], [ 6501528.987594147212803, -4900711.535164199769497 ], [ 6535796.884120722301304, -5130136.562285182997584 ], [ 6062982.989019849337637, -6062507.888138306327164 ], [ 5915659.141569054685533, -6212323.107829850167036 ], [ 5563086.716598505154252, -5978936.428498050197959 ] ] ] ] } },
{ "type": "Feature", "properties": { "fid": 164, "CODE_WUTS5": "W13410", "CODE_ISO3": "ZAF", "NAME": "South Africa", "CODE_WUTS4": "W1341", "CODE_WUTS3": "W134", "CODE_WUTS2": "W13", "CODE_WUTS1": "W1", "CODE_WUT_1": "W" }, "geometry": { "type": "MultiPolygon", "coordinates": [ [ [ [ 3744447.963580653537065, -12638495.813469830900431 ], [ 3835394.410222500562668, -12520867.342808250337839 ], [ 4234891.480535000562668, -12501226.229527 ], [ 4485272.339910000562668, -12322022.127964500337839 ], [ 4375653.199285000562668, -11981987.948277 ], [ 4534271.363347500562668, -11996094.393589500337839 ], [ 4577489.136785000562668, -12129277.987339500337839 ], [ 4947496.461003750562668, -11910025.057652 ], [ 5019954.957097500562668, -11760669.588902 ], [ 5526952.027410000562668, -11600105.624058250337839 ], [ 5586449.097722500562668, -11449263.338902 ], [ 6075653.199285000562668, -10861987.948277 ], [ 6495653.199285000562668, -10661987.948277 ], [ 6743861.207097500562668, -10772119.784214500337839 ], [ 6795653.199285000562668, -10921987.948277 ], [ 6669491.089910000562668, -10989309.725620750337839 ], [ 6619923.218816250562668, -11110420.565464500337839 ], [ 6682616.089910000562668, -11150701.327183250337839 ], [ 6865389.527410000562668, -11078848.299839500337839 ], [ 6895653.199285000562668, -10981987.948277 ], [ 6984908.570378750562668, -10931243.319370750337839 ], [ 7029717.200148878619075, -11074396.034319965168834 ], [ 6756690.041257295757532, -11588750.937500890344381 ], [ 6171847.391843854449689, -12234955.516365189105272 ], [ 4699479.341542700305581, -13013442.392540764063597 ], [ 4371044.922237816266716, -13064184.92938469722867 ], [ 4226642.766492639668286, -12972646.677939727902412 ], [ 4266726.812117191031575, -12830633.439170336350799 ], [ 3744447.963580653537065, -12638495.813469830900431 ] ], [ [ 6255653.199285000562668, -11861987.948277 ], [ 6468512.086003750562668, -11609964.022495750337839 ], [ 6464598.511785000562668, -11544302.401402 ], [ 6308448.609441250562668, -11553609.042027 ], [ 6066214.722722500562668, -11829292.635777 ], [ 6255653.199285000562668, -11861987.948277 ] ] ] ] } },
{ "type": "Feature", "properties": { "fid": 165, "CODE_WUTS5": "W13429", "CODE_ISO3": "ZMB", "NAME": "Zambia", "CODE_WUTS4": "W1342", "CODE_WUTS3": "W134", "CODE_WUTS2": "W13", "CODE_WUTS1": "W1", "CODE_WUT_1": "W" }, "geometry": { "type": "MultiPolygon", "coordinates": [ [ [ [ 5615653.199285000562668, -10021987.948277 ], [ 5634806.031316250562668, -9873093.905308250337839 ], [ 5373519.469236477278173, -9931626.327782584354281 ], [ 5287577.027410000562668, -9578052.401402000337839 ], [ 5473688.716143295168877, -9434939.689700545743108 ], [ 5542818.788365100510418, -9450727.337518127635121 ], [ 5714103.375279970467091, -9354895.801370568573475 ], [ 6015653.199285000562668, -9281987.948277000337839 ], [ 6246988.648503750562668, -9511243.319370750337839 ], [ 6229578.980535000562668, -9651221.346714500337839 ], [ 6315653.199285000562668, -9661987.948277000337839 ], [ 5891866.578191250562668, -10052490.877964500337839 ], [ 5915653.199285000562668, -10121987.948277 ], [ 5423216.675847500562668, -10707334.627964500337839 ], [ 5115653.199285000562668, -10841987.948277 ], [ 5055653.199285000562668, -10841987.948277 ], [ 4755653.199285000562668, -10961987.948277 ], [ 4421825.074285000562668, -10932695.956089500337839 ], [ 4297569.703191250562668, -10643562.655308250337839 ], [ 4642669.800847500562668, -10453889.803745750337839 ], [ 4575653.199285000562668, -10241987.948277 ], [ 5053463.257878750562668, -10143428.377964500337839 ], [ 5164908.570378750562668, -10051243.319370750337839 ], [ 5615653.199285000562668, -10021987.948277 ] ] ] ] } },
{ "type": "Feature", "properties": { "fid": 166, "CODE_WUTS5": "W1342A", "CODE_ISO3": "ZWE", "NAME": "Zimbabwe", "CODE_WUTS4": "W1342", "CODE_WUTS3": "W134", "CODE_WUTS2": "W13", "CODE_WUTS1": "W1", "CODE_WUT_1": "W" }, "geometry": { "type": "MultiPolygon", "coordinates": [ [ [ [ 5115653.199285000562668, -10841987.948277 ], [ 5423216.675847500562668, -10707334.627964500337839 ], [ 5915653.199285000562668, -10121987.948277 ], [ 6432926.148503750562668, -9952368.807652000337839 ], [ 6645272.339910000562668, -10275244.784214500337839 ], [ 6495653.199285000562668, -10661987.948277 ], [ 6075653.199285000562668, -10861987.948277 ], [ 5752130.250066250562668, -10941113.924839500337839 ], [ 5695941.285222500562668, -10875894.198277 ], [ 5115653.199285000562668, -10841987.948277 ] ] ] ] } },
{ "type": "Feature", "properties": { "fid": 167, "CODE_WUTS5": "W21010", "CODE_ISO3": "CAN", "NAME": "Canada", "CODE_WUTS4": "W2101", "CODE_WUTS3": "W210", "CODE_WUTS2": "W21", "CODE_WUTS1": "W2", "CODE_WUT_1": "W" }, "geometry": { "type": "MultiPolygon", "coordinates": [ [ [ [ -1972177.149982920847833, -13446.91351351571393 ], [ -1824874.988292770227417, -152484.636322896170896 ], [ -1832832.855096246348694, -405279.462680793541949 ], [ -1962014.365534277865663, -521426.747045715397689 ], [ -2068501.117033508839086, -846457.484684878960252 ], [ -2237189.71302180364728, -906210.330889928038232 ], [ -2289568.14793206192553, -1206861.985388052184135 ], [ -2451307.908614224754274, -1207044.1201174876187 ], [ -2383466.34085004683584, -1111227.564909161999822 ], [ -2487152.42696229275316, -1000806.31097420793958 ], [ -2574766.93351508397609, -1074219.686038140207529 ], [ -2680440.236973732709885, -1276760.18433388415724 ], [ -2842680.747196406591684, -1322541.514804240781814 ], [ -2855017.442372518591583, -1015249.120888399309479 ], [ -2713938.427275539375842, -774110.89587207022123 ], [ -2779723.0231096399948, -637010.770895055960864 ], [ -2731966.345159906428307, -599429.435832129791379 ], [ -2628524.276422106195241, -763449.94354535266757 ], [ -2410181.656369965523481, -791507.214765641838312 ], [ -2442190.091308226343244, -560685.542012499761768 ], [ -2414385.543271225411445, -546642.415822314447723 ], [ -2413725.64735301444307, -546511.154362998902798 ], [ -2208142.205928611569107, -432896.496993286826182 ], [ -2166185.015392212197185, -86658.788954942967393 ], [ -2043981.403107090620324, -19435.230582842697913 ], [ -1972177.149982920847833, -13446.91351351571393 ] ] ], [ [ [ -1380798.781974801095203, 790899.648258193628863 ], [ -1299618.589982385747135, 801660.980901034432463 ], [ -1262454.250208836747333, 703432.262042429763824 ], [ -1422363.666986510623246, 598110.196697899024002 ], [ -1422362.516119504813105, 494113.377942837832961 ], [ -1504351.506743657635525, 479196.585424348071683 ], [ -1519826.712498564040288, 405931.434452417946886 ], [ -1606618.49465326173231, 399619.304841167351697 ], [ -1586982.450820261845365, 539837.569771473878063 ], [ -1606174.714970474597067, 668620.148477572016418 ], [ -1534591.228844046127051, 668620.148477572016418 ], [ -1380798.781974801095203, 790899.648258193628863 ] ] ], [ [ [ -1457692.541662676259875, 334110.859238614095375 ], [ -1430778.001149197109044, 311041.253084203228354 ], [ -1361569.182685964275151, 318731.121802339795977 ], [ -1203926.873964156489819, 322576.05616140877828 ], [ -1115493.383705581538379, 226452.697184696095064 ], [ -1053974.433960485737771, 126484.403848915826529 ], [ -892487.190879609435797, 7291.438717792974785 ], [ -800208.766261965967715, -111901.52641333010979 ], [ -719465.144721528049558, -269543.835135137662292 ], [ -766406.566671371459961, -357966.966390542685986 ], [ -904192.239524041768163, -349355.361837250646204 ], [ -1157787.661655334755778, -327217.850521164946258 ], [ -1365414.117045032791793, -304148.244366754079238 ], [ -1619179.784743552561849, -323372.916162096662447 ], [ -1699259.690449154470116, -257385.122075984720141 ], [ -1721276.55135141313076, -117945.003028347156942 ], [ -1734527.815515607129782, 153398.944362395210192 ], [ -1638404.456538895145059, 307196.318725134246051 ], [ -1457692.541662676259875, 334110.859238614095375 ] ] ], [ [ [ -1618895.129091584356502, 831841.692572559928522 ], [ -1839177.610435978975147, 707875.274627870530821 ], [ -1774939.905993873719126, 517176.998303859785665 ], [ -1844543.961203735787421, 476150.337335885851644 ], [ -2070048.92239354015328, 536043.840161430649459 ], [ -2164090.42886673565954, 439516.120436325087212 ], [ -2276069.875621993560344, 522380.911035215423908 ], [ -2287443.473681468050927, 600166.219554340001196 ], [ -2215144.610399167519063, 672465.08283664053306 ], [ -2226679.413476373068988, 922385.816176091786474 ], [ -2111331.382704318501055, 926230.750535160303116 ], [ -1985146.188074983656406, 1019913.698063 ], [ -1839940.893241277197376, 965791.505826054606587 ], [ -1757945.444396988721564, 1132342.140939472010359 ], [ -1633299.828315378865227, 1134175.439646287821233 ], [ -1470900.850730909965932, 975373.317814106820151 ], [ -1529099.671077567152679, 830612.428550943383016 ], [ -1618895.129091584356502, 831841.692572559928522 ] ] ], [ [ [ -2101815.479893065057695, 134738.714882166968891 ], [ -2285197.888757515698671, 84468.470501221250743 ], [ -2413053.621127277612686, -160286.457911680161487 ], [ -2363534.590451289899647, -198481.8475238175306 ], [ -2276644.320146781392395, -205049.794632702920353 ], [ -2304542.176201609428972, -330255.098414947802667 ], [ -2519044.075815384741873, -378446.229224817128852 ], [ -2590118.933669792488217, -319227.627296072605532 ], [ -2725309.634252880699933, -268077.984893126704264 ], [ -2837498.731544375419617, -372400.255685764423106 ], [ -2907718.067802795208991, -482249.809210239502136 ], [ -3023930.997786229010671, -350601.477424315060489 ], [ -2960812.07042387733236, -317679.089720570365898 ], [ -2917596.76123343873769, -257314.750723016069969 ], [ -2876140.499692470766604, -35008.179066112301371 ], [ -3180807.642090091016144, 248550.170641652453924 ], [ -3424826.423648423049599, 317533.638200123619754 ], [ -3671911.117673108354211, 141853.975710217666347 ], [ -3887456.261219649575651, -325626.81325715634739 ], [ -3868984.056683057919145, -478045.843282521818765 ], [ -4030397.720408864319324, -521080.400684268737677 ], [ -4090657.081662402488291, -635482.94045080372598 ], [ -4168917.718105908948928, -608170.208975184359588 ], [ -4231832.743585329502821, -738408.289569887681864 ], [ -4095206.917755577713251, -847303.906315675587393 ], [ -3878964.862273472361267, -760617.360514345113188 ], [ -3665633.230429428163916, -903242.018328623962589 ], [ -3411696.654040755238384, -730199.748229550197721 ], [ -3111947.942189189605415, -690718.233693945221603 ], [ -3050333.128474833443761, -580436.088540134718642 ], [ -2985479.918898697942495, -580181.551805592374876 ], [ -2946194.676991161424667, -833770.337995289009996 ], [ -3064308.170141307171434, -1027121.61815786047373 ], [ -3052861.173804289195687, -1115581.21084805787541 ], [ -3244133.131892237346619, -1184867.864954344928265 ], [ -3284254.489919944200665, -1330056.319862743839622 ], [ -3178653.021271801553667, -1447036.280368911335245 ], [ -3034594.117752489633858, -1440572.570807190379128 ], [ -3345847.938056839630008, -1809226.209152879891917 ], [ -3401877.897394411731511, -2286482.175440261606127 ], [ -3495677.697701819241047, -2357167.805468518286943 ], [ -3920602.703681683167815, -2053028.467762182932347 ], [ -4004582.613015225622803, -2112204.723169951234013 ], [ -4061218.136550365481526, -2023100.384458797518164 ], [ -3979037.964598574209958, -1888362.96581229637377 ], [ -4053385.970408418215811, -1762792.047103606630117 ], [ -4145291.222408609464765, -1752974.90123515133746 ], [ -4150661.871393640525639, -2000061.84669613558799 ], [ -4361702.931092850863934, -2033502.498105521313846 ], [ -4341729.727127825841308, -2297149.854396488983184 ], [ -4426383.204371724277735, -2336863.831375107634813 ], [ -4677175.622579428367317, -2147339.909768344368786 ], [ -4592471.18234300147742, -1928734.618329338496551 ], [ -4561480.589777499437332, -1864854.159214500337839 ], [ -4434546.996027499437332, -1803273.348667625337839 ], [ -4457077.513605624437332, -1675120.272495750337839 ], [ -4722073.851496249437332, -1623388.094761375337839 ], [ -4757564.574152499437332, -1589287.752964500337839 ], [ -4838235.960871249437332, -1318040.194370750337839 ], [ -4912704.772385004907846, -1256436.167799218557775 ], [ -5047949.035238625481725, -976186.286813101614825 ], [ -5142104.663941359147429, -1002715.339321797247976 ], [ -5149478.745360494591296, -1000322.39576574950479 ], [ -5308191.160094313323498, -637291.85696321434807 ], [ -5200209.358592321164906, -689876.526434854487889 ], [ -5010521.815924099646509, -761955.690277144894935 ], [ -4940151.812688299454749, -688185.736667682067491 ], [ -4913178.897648071870208, -751744.802333042607643 ], [ -5011899.37835122551769, -871746.09069131501019 ], [ -4970368.522456343285739, -929889.288944150554016 ], [ -4849288.15519308205694, -813601.091196735389531 ], [ -4845826.402643783949316, -550563.334440247388557 ], [ -4654665.211011216975749, -404733.091766309458762 ], [ -4559099.292817294597626, -181865.094450366741512 ], [ -4686160.45833454746753, 11978.916425970950513 ], [ -4584747.191339999437332, 358412.442347999662161 ], [ -4532121.458918124437332, 408973.965785499662161 ], [ -4487574.339777499437332, 918157.315394874662161 ], [ -4202720.824152499437332, 1807689.786097999662161 ], [ -3872164.183527499437332, 2431080.899379249662161 ], [ -3873208.013205097056925, 2482213.844849583692849 ], [ -3809210.185838910285383, 2467155.53252812800929 ], [ -3429915.22197630815208, 2650007.827810424845666 ], [ -3383176.893012134358287, 2607393.398991893045604 ], [ -3096097.771896310150623, 2596265.25881729926914 ], [ -2977007.894439836964011, 2514477.198502685409039 ], [ -2888616.820246249437332, 2466292.081019874662161 ], [ -2375202.513605624437332, 2424559.903285499662161 ], [ -2340860.472589999437332, 2530389.981410499662161 ], [ -2075988.646418124437332, 2561409.268519874662161 ], [ -1456839.740058226976544, 1792262.777135426411405 ], [ -1601673.54269405733794, 1735806.378534948453307 ], [ -1727725.548151328461245, 1433430.476234818110242 ], [ -1916360.601042994996533, 1304381.184039126615971 ], [ -2036231.37988054798916, 1113862.030530382646248 ], [ -2222834.479117304552346, 1049268.650025351438671 ], [ -2318957.83809401653707, 883936.472585406620055 ], [ -2350542.302325908560306, 622284.229241237742826 ], [ -2410867.766166080255061, 574757.293270730762742 ], [ -2388710.845906992908567, 518623.653580170532223 ], [ -2470205.834783537779003, 427772.462684818659909 ], [ -2379253.282349642366171, 323669.358832828875165 ], [ -2297887.976958214305341, 370006.190625836839899 ], [ -2267056.192084906622767, 351265.301781277288683 ], [ -2240304.148001478519291, 247348.901505037094466 ], [ -2085929.867371542844921, 217696.913605671288678 ], [ -2101815.479893065057695, 134738.714882166968891 ] ] ], [ [ [ -3699300.642821392510086, -2443106.030696716625243 ], [ -3721667.570552935358137, -2572530.204092813190073 ], [ -3650280.881001082248986, -2674576.979424652643502 ], [ -3842420.294521769974381, -2846941.903036459814757 ], [ -3842342.034018929582089, -2753432.669863710645586 ], [ -3931078.814506729133427, -2700324.061930121853948 ], [ -3887947.683805887121707, -2600898.560542827472091 ], [ -4003952.81181928049773, -2407695.969853794202209 ], [ -3721362.374478810001165, -2378391.617834958713502 ], [ -3699300.642821392510086, -2443106.030696716625243 ] ] ] ] } },
{ "type": "Feature", "properties": { "fid": 168, "CODE_WUTS5": "W11240", "CODE_ISO3": "RUS", "NAME": "Russian Federation", "CODE_WUTS4": "W1124", "CODE_WUTS3": "W112", "CODE_WUTS2": "W11", "CODE_WUTS1": "W1", "CODE_WUT_1": "W" }, "geometry": { "type": "MultiPolygon", "coordinates": [ [ [ [ 1374807.003047782694921, -510217.052604487689678 ], [ 1427385.627021402819082, -565578.853538888390176 ], [ 1480499.616467494983226, -851128.27671175415162 ], [ 1594465.411749457940459, -1082202.298708284273744 ], [ 1683463.423762737307698, -1153277.504489662591368 ], [ 1781002.453525078948587, -1148163.122593331150711 ], [ 1839200.994606684427708, -1169604.690360238077119 ], [ 1780812.717341666575521, -1284022.306476718513295 ], [ 1601349.103408832801506, -1296666.50265022716485 ], [ 1474001.149981022346765, -1076614.818379962816834 ], [ 1337858.213059409754351, -763789.523524978198111 ], [ 1347044.035237841540948, -683004.511939275311306 ], [ 1328572.291012251283973, -556780.926397744100541 ], [ 1374807.003047782694921, -510217.052604487689678 ] ] ], [ [ [ 2838490.649156220257282, 3570662.359476183541119 ], [ 2455580.953587276861072, 3142124.593054468743503 ], [ 2402031.053190060891211, 3161597.284108001738787 ], [ 2401949.900983972940594, 3216139.867244872264564 ], [ 2528386.520329976920038, 3358894.668142809066921 ], [ 2618370.204088747501373, 3639228.452160518616438 ], [ 2785038.793102926574647, 3722786.25983675988391 ], [ 2908942.087764547206461, 3895451.117048193700612 ], [ 2997398.938216736074537, 3861277.187836566008627 ], [ 2838490.649156220257282, 3570662.359476183541119 ] ] ], [ [ [ 958447.677965386305004, -551185.158823929377832 ], [ 888412.014744534040801, -729823.319647004944272 ], [ 786937.953196167480201, -689848.68934007268399 ], [ 826633.564886649488471, -598684.398032707045786 ], [ 808475.133543879026547, -487177.481074624694884 ], [ 926916.871686120284721, -516787.915610184893012 ], [ 958447.677965386305004, -551185.158823929377832 ] ] ], [ [ [ 1394676.78319578897208, -3601987.948277000337839 ], [ 1515653.199285000562668, -3601987.948277000337839 ], [ 1515653.199285000562668, -3661987.948277000337839 ], [ 1493121.461003750562668, -3694621.004917625337839 ], [ 1394705.704558164114133, -3716684.36335273552686 ], [ 1394676.78319578897208, -3601987.948277000337839 ] ] ], [ [ [ 4182769.898503750562668, 672966.885707374662161 ], [ 4442552.613347500562668, 616600.918910499662161 ], [ 4356449.097722500562668, 175387.540004249662161 ], [ 4555653.199285000562668, -161987.948277000337839 ], [ 4555653.199285000562668, -241987.948277000337839 ], [ 4323292.359441250562668, -502381.014683250337839 ], [ 4282684.449285000562668, -767730.135777000337839 ], [ 3896568.726628750562668, -929564.852573875337839 ], [ 3907555.054753750562668, -1173889.803745750337839 ], [ 3786617.554753750562668, -1225800.204136375337839 ], [ 3786571.168035000562668, -1277406.649448875337839 ], [ 3668646.363347500562668, -1270377.840855125337839 ], [ 3548831.910222500562668, -1907529.940464500337839 ], [ 3696703.003972500562668, -2090315.584995750337839 ], [ 3825091.675847500562668, -2044248.690464500337839 ], [ 3554154.175847500562668, -2546050.448277000337839 ], [ 3431053.589910000562668, -2574691.805698875337839 ], [ 3317279.175847500562668, -2721504.549839500337839 ], [ 3330926.636785000562668, -2950470.614292625337839 ], [ 3266214.722722500562668, -3008290.438511375337839 ], [ 3384137.086003750562668, -3176250.643589500337839 ], [ 3678545.026656987145543, -3177025.152761733159423 ], [ 3671229.021378565113991, -3456302.386049562133849 ], [ 4029875.809423231519759, -3574237.243551682680845 ], [ 4027484.253972500562668, -3653819.002964500337839 ], [ 3895653.199285000562668, -3701987.948277000337839 ], [ 3733485.230535000562668, -3714745.516636375337839 ], [ 3404373.547829088754952, -3933822.954336494673043 ], [ 3026389.752135367132723, -3977276.213827116880566 ], [ 3048515.880018827971071, -3834944.816471229773015 ], [ 2942725.953191250562668, -3719221.834995750337839 ], [ 2978094.605535000562668, -3589987.215855125337839 ], [ 2895362.671941250562668, -3457435.946323875337839 ], [ 2626258.668035000562668, -3572839.999058250337839 ], [ 2345653.199285000562668, -3496536.288120750337839 ], [ 2215653.199285000562668, -3601987.948277000337839 ], [ 2164549.683660000562668, -3428269.686558250337839 ], [ 1932232.789128750562668, -3284487.948277000337839 ], [ 1775653.199285000562668, -3341987.948277000337839 ], [ 1760467.652410000562668, -3287453.036167625337839 ], [ 1675653.199285000562668, -3221987.948277000337839 ], [ 1606285.74197146249935, -3006848.076030677650124 ], [ 1559987.176894881762564, -2862034.578423807863146 ], [ 1587249.878972500562668, -2606441.073277000337839 ], [ 1421405.152410000562668, -2463558.993198875337839 ], [ 1144908.570378750562668, -2092731.356480125337839 ], [ 1135653.199285000562668, -1981987.948277000337839 ], [ 1179998.101051989942789, -1966471.630091874394566 ], [ 1164615.215116234030575, -1933419.269570015370846 ], [ 1599073.814624475082383, -1879426.90553092979826 ], [ 1667406.967897995607927, -1907899.052728230133653 ], [ 1633818.607923256233335, -2071362.404605294577777 ], [ 1484671.579371772706509, -2134416.432936003431678 ], [ 1490734.46671126387082, -2193832.728863016702235 ], [ 1622905.410712172277272, -2369656.46170826209709 ], [ 1671408.509428102057427, -2362380.996900872793049 ], [ 1713848.72080454044044, -2298114.391102265566587 ], [ 1692022.326382372062653, -2232635.207835760898888 ], [ 1762351.819520469987765, -2219296.855688880197704 ], [ 1842381.93240175396204, -2136841.587871799711138 ], [ 1752651.199777284171432, -2048323.43271522782743 ], [ 1733181.296591689810157, -1931504.0136016625911 ], [ 1826365.791054420638829, -1913344.824739608680829 ], [ 1693245.783099429449067, -1745902.218189972918481 ], [ 1863235.823179032886401, -1703704.92316395114176 ], [ 2014931.92103497707285, -1232805.561354100005701 ], [ 1923114.306004218989983, -1134330.716220922302455 ], [ 2168006.780290524940938, -933103.910252567962743 ], [ 1758300.627472860971466, -620910.937070724437945 ], [ 1929638.612141465069726, -376654.20430633565411 ], [ 1492860.23691717046313, 287717.708345223567449 ], [ 1376029.611808150773868, 307641.110953973315191 ], [ 1171584.28876182786189, 86249.48421673210396 ], [ 1000699.482702904264443, 38133.202338743038126 ], [ 1040160.031325274496339, 136476.610289770906093 ], [ 1399085.780336781172082, 443659.707394781755283 ], [ 1435639.114667984424159, 572199.918050654465333 ], [ 1676415.380842568119988, 699367.764039492118172 ], [ 1620596.552960033062845, 1026503.814627938554622 ], [ 1521203.261810610769317, 1041636.592450160649605 ], [ 1473647.525464120320976, 1177356.81586830271408 ], [ 1611804.634941841708496, 1358973.189403955359012 ], [ 1386113.580744280479848, 1564224.422889959067106 ], [ 1182309.280758559703827, 1528368.11354243545793 ], [ 1130258.356327306246385, 1550385.838384254835546 ], [ 1133821.169196614297107, 1645105.870601280825213 ], [ 1041575.867468986776657, 1718505.670875786570832 ], [ 1003011.570828384021297, 1893585.023626107722521 ], [ 771610.797551104100421, 2009170.865505166351795 ], [ 727902.65642668842338, 2175195.112684395629913 ], [ 106259.512466660511564, 2294014.461016900837421 ], [ 106031.518214701325633, 2294082.690974317491055 ], [ 105917.492847093351884, 2294141.506938052829355 ], [ -440442.703842088987585, 2636757.62105459254235 ], [ -342571.625855160818901, 2801763.124532890506089 ], [ -48232.243070778662513, 2679762.408881876152009 ], [ 108844.158472144728876, 2867032.175292070023715 ], [ 187356.484302876488073, 3042457.213760472368449 ], [ 570100.688362943590619, 3249471.701154140755534 ], [ 665115.503479838953353, 3184735.354965343605727 ], [ 939348.146685520652682, 3201694.336027958896011 ], [ 1078679.786701143020764, 3337866.17373718181625 ], [ 1084416.010374782606959, 3579426.046103216707706 ], [ 1686348.059156686998904, 3936178.771096662152559 ], [ 1562621.990761219291016, 3487540.938326172996312 ], [ 1346920.471504891989753, 3308092.995229405350983 ], [ 1307133.6077776751481, 3304051.565959557890892 ], [ 1098601.671663460321724, 3011647.604497319087386 ], [ 1114552.764130480587482, 2919113.367936015594751 ], [ 1234842.664078340632841, 2891118.443837573286146 ], [ 1455121.528473328566179, 3014654.61952849663794 ], [ 2050997.546810829080641, 2709935.376473398413509 ], [ 2659514.559623887762427, 2753155.470699725672603 ], [ 2715867.542326316703111, 3024611.911766302771866 ], [ 2602596.641830180771649, 3061364.703948559705168 ], [ 2586333.722185193561018, 3154000.76382553530857 ], [ 2699737.257867210078984, 3313819.872109375428408 ], [ 2980719.256940055638552, 3525699.247799273114651 ], [ 3668711.786431273445487, 3647010.115664716344327 ], [ 3806466.951887393835932, 3605439.989692031405866 ], [ 3913934.239435431081802, 3478683.204237060621381 ], [ 4034577.145521346945316, 3465370.366560582537204 ], [ 4016701.123745537828654, 3417245.257678544614464 ], [ 3971051.327912707813084, 3449739.589526363648474 ], [ 3766036.500066250562668, 3310731.778285499662161 ], [ 3628765.992253750562668, 3422446.866176124662161 ], [ 3313883.179753750562668, 3257841.153285499662161 ], [ 3557193.726628750562668, 3114800.381801124662161 ], [ 3492352.418035000562668, 2956939.053676124662161 ], [ 3549967.164128750562668, 2737058.682582374662161 ], [ 3346034.058660000562668, 2414778.409144874662161 ], [ 3396478.394597500562668, 2238707.852504249662161 ], [ 3531187.867253750562668, 2093317.227504249662161 ], [ 3883663.453191250562668, 2169121.670863624662161 ], [ 4015653.199285000562668, 1998012.051722999662161 ], [ 4041934.937566250562668, 1853934.903285499662161 ], [ 4279566.773503750562668, 1573767.666957374662161 ], [ 4231576.050847500562668, 1277983.975551124662161 ], [ 4324908.570378750562668, 1003882.413051124662161 ], [ 4210741.089910000562668, 879318.204066749662161 ], [ 4182769.898503750562668, 672966.885707374662161 ] ] ] ] } }
]
}
