{
"type": "FeatureCollection",
"name": "seas",
"crs": { "type": "name", "properties": { "name": "urn:ogc:def:crs:ESRI::102016" } },
"features": [
{ "type": "Feature", "properties": { "fid": 1, "ObjectID": 0, "WRLD30_ID": 1 }, "geometry": { "type": "MultiPolygon", "coordinates": [ [ [ [ -581287.362410687608644, -16645892.140150401741266 ], [ -871709.704670951818116, -16633212.026845619082451 ], [ -1161866.515710731735453, -16615465.276027917861938 ], [ -1451669.41095457249321, -16592657.293529512360692 ], [ -1741030.113633199362084, -16564795.026882816106081 ], [ -2029860.481673476053402, -16531886.963204158470035 ], [ -2318072.53454733453691, -16493943.126608524471521 ], [ -2605578.480071497149765, -16450975.075156111270189 ], [ -2892290.741149824578315, -16402995.897331630811095 ], [ -3178121.982450149022043, -16350020.208057433366776 ], [ -3462985.137007459066808, -16292064.144241658970714 ], [ -3746793.432745346799493, -16229145.359862780198455 ], [ -4029460.418907617684454, -16161283.020592026412487 ], [ -4310899.992392028681934, -16088497.797955336049199 ], [ -4591026.423978132195771, -16010811.8630366101861 ], [ -4869754.384441220201552, -15928248.879724185913801 ], [ -5146998.970544436946511, -15840833.997502587735653 ], [ -5422675.730901127681136, -15748593.843791743740439 ], [ -5696700.691699545830488, -15651556.515836028382182 ], [ -5968990.382282094098628, -15549751.57214555516839 ], [ -6239461.860571291297674, -15443210.023492380976677 ], [ -6508032.738334733061492, -15331964.323464315384626 ], [ -6774621.206281350925565, -15216048.358579250052571 ], [ -7039146.058981305919588, -15095497.437962992116809 ], [ -7301526.719601955264807, -14970348.282593762502074 ], [ -7561683.264452336356044, -14840639.014116633683443 ], [ -7819536.447328696027398, -14706409.143231308087707 ], [ -8075007.723653648048639, -14567699.557656768709421 ], [ -8328019.274401617236435, -14424552.509676493704319 ], [ -8578494.029803270474076, -14277011.60326799377799 ], [ -8826355.692821709439158, -14125121.780820621177554 ], [ -9071528.762393286451697, -13968929.309445682913065 ], [ -9313938.556425966322422, -13808481.766883030533791 ], [ -9553511.234548209235072, -13643828.027008419856429 ], [ -9790173.820601467043161, -13475018.244946051388979 ], [ -10023854.22486942820251, -13302103.841790840029716 ], [ -10254481.266037236899137, -13125137.488945044577122 ], [ -10481984.692874019965529, -12944173.092074057087302 ], [ -10706295.205632086843252, -12759265.774686202406883 ], [ -10927344.477156307548285, -12570471.861341595649719 ], [ -11145065.173697225749493, -12377848.860495127737522 ], [ -11359390.975421564653516, -12181455.446978839114308 ], [ -11570256.596613897010684, -11981351.444128992035985 ], [ -11777597.805563310161233, -11777597.805563306435943 ], [ -11981351.444128995761275, -11570256.596613895148039 ], [ -12181455.446978842839599, -11359390.975421560928226 ], [ -12377848.860495131462812, -11145065.173697222024202 ], [ -12570471.861341597512364, -10927344.477156303822994 ], [ -12759265.774686206132174, -10706295.205632083117962 ], [ -12944173.092074058949947, -10481984.692874016240239 ], [ -13125137.488945048302412, -10254481.266037233173847 ], [ -13302103.841790841892362, -10023854.22486942447722 ], [ -13475018.244946053251624, -9790173.820601463317871 ], [ -13643828.027008421719074, -9553511.234548205509782 ], [ -13808481.766883034259081, -9313938.556425960734487 ], [ -13968929.30944568477571, -9071528.762393282726407 ], [ -14125121.780820623040199, -8826355.692821703851223 ], [ -14277011.603267995640635, -8578494.029803268611431 ], [ -14424552.509676495566964, -8328019.274401614442468 ], [ -14567699.557656770572066, -8075007.723653643392026 ], [ -14706409.143231309950352, -7819536.447328691370785 ], [ -14840639.014116635546088, -7561683.264452332630754 ], [ -14970348.282593764364719, -7301526.719601950608194 ], [ -15095497.437962993979454, -7039146.058981300331652 ], [ -15216048.358579253777862, -6774621.206281346268952 ], [ -15331964.323464319109917, -6508032.73833472840488 ], [ -15443210.023492382839322, -6239461.860571285709739 ], [ -15549751.572145557031035, -5968990.382282088510692 ], [ -15651556.515836028382182, -5696700.69169954303652 ], [ -15748593.843791745603085, -5422675.730901123955846 ], [ -15840833.997502587735653, -5146998.970544433221221 ], [ -15928248.879724187776446, -4869754.384441215544939 ], [ -16010811.863036612048745, -4591026.423978127539158 ], [ -16088497.797955337911844, -4310899.992392024025321 ], [ -16161283.020592028275132, -4029460.41890761256218 ], [ -16229145.3598627820611, -3746793.432745341677219 ], [ -16292064.144241660833359, -3462985.137007453478873 ], [ -16350020.208057435229421, -3178121.982450142502785 ], [ -16402995.897331630811095, -2892290.741149822250009 ], [ -16450975.075156111270189, -2605578.480071494355798 ], [ -16493943.126608524471521, -2318072.534547331277281 ], [ -16531886.963204158470035, -2029860.48167347186245 ], [ -16564795.026882816106081, -1741030.113633194938302 ], [ -16592657.293529512360692, -1451669.410954567836598 ], [ -16615465.276027917861938, -1161866.515710726846009 ], [ -16633212.026845620945096, -871709.704670946463011 ], [ -16645892.140150401741266, -581287.362410681904294 ], [ -16653501.75345691666007, -290687.954388769925572 ], [ -16656038.548803232610226, 0.000000006376912 ], [ -16653501.753456914797425, 290687.954388778947759 ], [ -16645892.140150401741266, 581287.362410690984689 ], [ -16633212.026845619082451, 871709.704670955543406 ], [ -16615465.276027917861938, 1161866.515710735926405 ], [ -16592657.293529510498047, 1451669.410954576916993 ], [ -16564795.026882816106081, 1741030.113633204018697 ], [ -16531886.963204158470035, 2029860.481673480942845 ], [ -16493943.126608524471521, 2318072.534547340124846 ], [ -16450975.075156109407544, 2605578.480071503203362 ], [ -16402995.89733162894845, 2892290.741149831097573 ], [ -16350020.20805743150413, 3178121.982450155075639 ], [ -16292064.144241658970714, 3462985.137007462326437 ], [ -16229145.359862780198455, 3746793.432745350524783 ], [ -16161283.020592026412487, 4029460.418907620944083 ], [ -16088497.797955334186554, 4310899.992392033338547 ], [ -16010811.863036608323455, 4591026.423978136852384 ], [ -15928248.879724185913801, 4869754.384441224858165 ], [ -15840833.997502585873008, 5146998.970544441603124 ], [ -15748593.843791741877794, 5422675.730901132337749 ], [ -15651556.515836024656892, 5696700.691699551418424 ], [ -15549751.572145553305745, 5968990.382282099686563 ], [ -15443210.023492379114032, 6239461.86057129688561 ], [ -15331964.323464315384626, 6508032.738334736786783 ], [ -15216048.358579250052571, 6774621.206281353719532 ], [ -15095497.437962990254164, 7039146.058981308713555 ], [ -14970348.282593758776784, 7301526.719601962715387 ], [ -14840639.014116631820798, 7561683.264452341012657 ], [ -14706409.143231308087707, 7819536.447328696027398 ], [ -14567699.557656766846776, 8075007.72365365177393 ], [ -14424552.509676493704319, 8328019.274401619099081 ], [ -14277011.6032679900527, 8578494.029803276062012 ], [ -14125121.780820619314909, 8826355.692821711301804 ], [ -13968929.309445679187775, 9071528.762393292039633 ], [ -13808481.766883028671145, 9313938.556425968185067 ], [ -13643828.027008414268494, 9553511.234548214823008 ], [ -13475018.244946049526334, 9790173.820601470768452 ], [ -13302103.841790834441781, 10023854.224869433790445 ], [ -13125137.488945042714477, 10254481.266037240624428 ], [ -12944173.092074055224657, 10481984.692874019965529 ], [ -12759265.774686198681593, 10706295.205632090568542 ], [ -12570471.861341593787074, 10927344.47715630941093 ], [ -12377848.860495124012232, 11145065.173697229474783 ], [ -12181455.446978837251663, 11359390.975421566516161 ], [ -11981351.444128988310695, 11570256.596613902598619 ], [ -11777597.805563304573298, 11777597.805563312023878 ], [ -11570256.596613887697458, 11981351.444129001349211 ], [ -11359390.975421557202935, 12181455.446978844702244 ], [ -11145065.173697216436267, 12377848.860495137050748 ], [ -10927344.477156301960349, 12570471.861341601237655 ], [ -10706295.205632081255317, 12759265.774686206132174 ], [ -10481984.692874010652304, 12944173.092074062675238 ], [ -10254481.266037231311202, 13125137.488945050165057 ], [ -10023854.224869418889284, 13302103.841790845617652 ], [ -9790173.820601461455226, 13475018.244946055114269 ], [ -9553511.234548199921846, 13643828.027008425444365 ], [ -9313938.556425958871841, 13808481.766883034259081 ], [ -9071528.762393275275826, 13968929.309445688501 ], [ -8826355.692821701988578, 14125121.780820624902844 ], [ -8578494.029803259298205, 14277011.603268001228571 ], [ -8328019.274401608854532, 14424552.509676499292254 ], [ -8075007.723653641529381, 14567699.557656772434711 ], [ -7819536.44732868578285, 14706409.143231313675642 ], [ -7561683.264452329836786, 14840639.014116637408733 ], [ -7301526.719601945020258, 14970348.282593766227365 ], [ -7039146.058981298469007, 15095497.437962995842099 ], [ -6774621.206281339749694, 15216048.358579255640507 ], [ -6508032.738334725610912, 15331964.323464319109917 ], [ -6239461.860571279190481, 15443210.023492384701967 ], [ -5968990.382282085716724, 15549751.572145558893681 ], [ -5696700.691699540242553, 15651556.515836030244827 ], [ -5422675.73090111836791, 15748593.84379174746573 ], [ -5146998.970544430427253, 15840833.997502589598298 ], [ -4869754.384441209957004, 15928248.879724189639091 ], [ -4591026.423978125676513, 16010811.863036612048745 ], [ -4310899.992392018437386, 16088497.797955339774489 ], [ -4029460.418907609768212, 16161283.020592028275132 ], [ -3746793.432745335157961, 16229145.359862783923745 ], [ -3462985.137007450684905, 16292064.144241660833359 ], [ -3178121.982450136449188, 16350020.208057435229421 ], [ -2892290.741149815730751, 16402995.89733163267374 ], [ -2605578.48007149156183, 16450975.075156111270189 ], [ -2318072.534547324758023, 16493943.126608526334167 ], [ -2029860.481673469301313, 16531886.96320416033268 ], [ -1741030.113633188651875, 16564795.026882816106081 ], [ -1451669.41095456527546, 16592657.293529512360692 ], [ -1161866.515710720559582, 16615465.276027919724584 ], [ -871709.704670943785459, 16633212.026845620945096 ], [ -581287.362410675501451, 16645892.140150401741266 ], [ -290687.95438876724802, 16653501.75345691666007 ], [ -0.000000016833243, 16656038.548803232610226 ], [ 0.0, 16656038.548803232610226 ], [ 0.000000016833243, 16656038.548803232610226 ], [ 290687.95438876724802, 16653501.75345691666007 ], [ 581287.362410675501451, 16645892.140150401741266 ], [ 871709.704670943785459, 16633212.026845620945096 ], [ 1161866.515710720559582, 16615465.276027919724584 ], [ 1451669.41095456527546, 16592657.293529512360692 ], [ 1741030.113633188651875, 16564795.026882816106081 ], [ 2029860.481673469301313, 16531886.96320416033268 ], [ 2318072.534547324758023, 16493943.126608526334167 ], [ 2605578.48007149156183, 16450975.075156111270189 ], [ 2892290.741149815730751, 16402995.89733163267374 ], [ 3178121.982450136449188, 16350020.208057435229421 ], [ 3462985.137007450684905, 16292064.144241660833359 ], [ 3746793.432745335157961, 16229145.359862783923745 ], [ 4029460.418907609768212, 16161283.020592028275132 ], [ 4310899.992392018437386, 16088497.797955339774489 ], [ 4591026.423978125676513, 16010811.863036612048745 ], [ 4869754.384441209957004, 15928248.879724189639091 ], [ 5146998.970544430427253, 15840833.997502589598298 ], [ 5422675.73090111836791, 15748593.84379174746573 ], [ 5696700.691699540242553, 15651556.515836030244827 ], [ 5968990.382282085716724, 15549751.572145558893681 ], [ 6239461.860571279190481, 15443210.023492384701967 ], [ 6508032.738334725610912, 15331964.323464319109917 ], [ 6774621.206281339749694, 15216048.358579255640507 ], [ 7039146.058981298469007, 15095497.437962995842099 ], [ 7301526.719601945020258, 14970348.282593766227365 ], [ 7561683.264452329836786, 14840639.014116637408733 ], [ 7819536.44732868578285, 14706409.143231313675642 ], [ 8075007.723653641529381, 14567699.557656772434711 ], [ 8328019.274401608854532, 14424552.509676499292254 ], [ 8578494.029803259298205, 14277011.603268001228571 ], [ 8826355.692821701988578, 14125121.780820624902844 ], [ 9071528.762393275275826, 13968929.309445688501 ], [ 9313938.556425958871841, 13808481.766883034259081 ], [ 9553511.234548199921846, 13643828.027008425444365 ], [ 9790173.820601461455226, 13475018.244946055114269 ], [ 10023854.224869418889284, 13302103.841790845617652 ], [ 10254481.266037231311202, 13125137.488945050165057 ], [ 10481984.692874010652304, 12944173.092074062675238 ], [ 10706295.205632081255317, 12759265.774686206132174 ], [ 10927344.477156301960349, 12570471.861341601237655 ], [ 11145065.173697216436267, 12377848.860495137050748 ], [ 11359390.975421557202935, 12181455.446978844702244 ], [ 11570256.596613887697458, 11981351.444129001349211 ], [ 11777597.805563304573298, 11777597.805563312023878 ], [ 11981351.444128988310695, 11570256.596613902598619 ], [ 12181455.446978837251663, 11359390.975421566516161 ], [ 12377848.860495124012232, 11145065.173697229474783 ], [ 12570471.861341593787074, 10927344.47715630941093 ], [ 12759265.774686198681593, 10706295.205632090568542 ], [ 12944173.092074055224657, 10481984.692874019965529 ], [ 13125137.488945042714477, 10254481.266037240624428 ], [ 13302103.841790834441781, 10023854.224869433790445 ], [ 13475018.244946049526334, 9790173.820601470768452 ], [ 13643828.027008414268494, 9553511.234548214823008 ], [ 13808481.766883028671145, 9313938.556425968185067 ], [ 13968929.309445679187775, 9071528.762393292039633 ], [ 14125121.780820619314909, 8826355.692821711301804 ], [ 14277011.6032679900527, 8578494.029803276062012 ], [ 14424552.509676493704319, 8328019.274401619099081 ], [ 14567699.557656766846776, 8075007.72365365177393 ], [ 14706409.143231308087707, 7819536.447328696027398 ], [ 14840639.014116631820798, 7561683.264452341012657 ], [ 14970348.282593758776784, 7301526.719601962715387 ], [ 15095497.437962990254164, 7039146.058981308713555 ], [ 15216048.358579250052571, 6774621.206281353719532 ], [ 15331964.323464315384626, 6508032.738334736786783 ], [ 15443210.023492379114032, 6239461.86057129688561 ], [ 15549751.572145553305745, 5968990.382282099686563 ], [ 15651556.515836024656892, 5696700.691699551418424 ], [ 15748593.843791741877794, 5422675.730901132337749 ], [ 15840833.997502585873008, 5146998.970544441603124 ], [ 15928248.879724185913801, 4869754.384441224858165 ], [ 16010811.863036608323455, 4591026.423978136852384 ], [ 16088497.797955334186554, 4310899.992392033338547 ], [ 16161283.020592026412487, 4029460.418907620944083 ], [ 16229145.359862780198455, 3746793.432745350524783 ], [ 16292064.144241658970714, 3462985.137007462326437 ], [ 16350020.20805743150413, 3178121.982450155075639 ], [ 16402995.89733162894845, 2892290.741149831097573 ], [ 16450975.075156109407544, 2605578.480071503203362 ], [ 16493943.126608524471521, 2318072.534547340124846 ], [ 16531886.963204158470035, 2029860.481673480942845 ], [ 16564795.026882816106081, 1741030.113633204018697 ], [ 16592657.293529510498047, 1451669.410954576916993 ], [ 16615465.276027917861938, 1161866.515710735926405 ], [ 16633212.026845619082451, 871709.704670955543406 ], [ 16645892.140150401741266, 581287.362410690984689 ], [ 16653501.753456914797425, 290687.954388778947759 ], [ 16656038.548803232610226, 0.000000006376912 ], [ 16653501.75345691666007, -290687.954388769925572 ], [ 16645892.140150401741266, -581287.362410681904294 ], [ 16633212.026845620945096, -871709.704670946463011 ], [ 16615465.276027917861938, -1161866.515710726846009 ], [ 16592657.293529512360692, -1451669.410954567836598 ], [ 16564795.026882816106081, -1741030.113633194938302 ], [ 16531886.963204158470035, -2029860.48167347186245 ], [ 16493943.126608524471521, -2318072.534547331277281 ], [ 16450975.075156111270189, -2605578.480071494355798 ], [ 16402995.897331630811095, -2892290.741149822250009 ], [ 16350020.208057435229421, -3178121.982450142502785 ], [ 16292064.144241660833359, -3462985.137007453478873 ], [ 16229145.3598627820611, -3746793.432745341677219 ], [ 16161283.020592028275132, -4029460.41890761256218 ], [ 16088497.797955337911844, -4310899.992392024025321 ], [ 16010811.863036612048745, -4591026.423978127539158 ], [ 15928248.879724187776446, -4869754.384441215544939 ], [ 15840833.997502587735653, -5146998.970544433221221 ], [ 15748593.843791745603085, -5422675.730901123955846 ], [ 15651556.515836028382182, -5696700.69169954303652 ], [ 15549751.572145557031035, -5968990.382282088510692 ], [ 15443210.023492382839322, -6239461.860571285709739 ], [ 15331964.323464319109917, -6508032.73833472840488 ], [ 15216048.358579253777862, -6774621.206281346268952 ], [ 15095497.437962993979454, -7039146.058981300331652 ], [ 14970348.282593764364719, -7301526.719601950608194 ], [ 14840639.014116635546088, -7561683.264452332630754 ], [ 14706409.143231309950352, -7819536.447328691370785 ], [ 14567699.557656770572066, -8075007.723653643392026 ], [ 14424552.509676495566964, -8328019.274401614442468 ], [ 14277011.603267995640635, -8578494.029803268611431 ], [ 14125121.780820623040199, -8826355.692821703851223 ], [ 13968929.30944568477571, -9071528.762393282726407 ], [ 13808481.766883034259081, -9313938.556425960734487 ], [ 13643828.027008421719074, -9553511.234548205509782 ], [ 13475018.244946053251624, -9790173.820601463317871 ], [ 13302103.841790841892362, -10023854.22486942447722 ], [ 13125137.488945048302412, -10254481.266037233173847 ], [ 12944173.092074058949947, -10481984.692874016240239 ], [ 12759265.774686206132174, -10706295.205632083117962 ], [ 12570471.861341597512364, -10927344.477156303822994 ], [ 12377848.860495131462812, -11145065.173697222024202 ], [ 12181455.446978842839599, -11359390.975421560928226 ], [ 11981351.444128995761275, -11570256.596613895148039 ], [ 11777597.805563310161233, -11777597.805563306435943 ], [ 11570256.596613897010684, -11981351.444128992035985 ], [ 11359390.975421564653516, -12181455.446978839114308 ], [ 11145065.173697225749493, -12377848.860495127737522 ], [ 10927344.477156307548285, -12570471.861341595649719 ], [ 10706295.205632086843252, -12759265.774686202406883 ], [ 10481984.692874019965529, -12944173.092074057087302 ], [ 10254481.266037236899137, -13125137.488945044577122 ], [ 10023854.22486942820251, -13302103.841790840029716 ], [ 9790173.820601467043161, -13475018.244946051388979 ], [ 9553511.234548209235072, -13643828.027008419856429 ], [ 9313938.556425966322422, -13808481.766883030533791 ], [ 9071528.762393286451697, -13968929.309445682913065 ], [ 8826355.692821709439158, -14125121.780820621177554 ], [ 8578494.029803270474076, -14277011.60326799377799 ], [ 8328019.274401617236435, -14424552.509676493704319 ], [ 8075007.723653648048639, -14567699.557656768709421 ], [ 7819536.447328696027398, -14706409.143231308087707 ], [ 7561683.264452336356044, -14840639.014116633683443 ], [ 7301526.719601955264807, -14970348.282593762502074 ], [ 7039146.058981305919588, -15095497.437962992116809 ], [ 6774621.206281350925565, -15216048.358579250052571 ], [ 6508032.738334733061492, -15331964.323464315384626 ], [ 6239461.860571291297674, -15443210.023492380976677 ], [ 5968990.382282094098628, -15549751.57214555516839 ], [ 5696700.691699545830488, -15651556.515836028382182 ], [ 5422675.730901127681136, -15748593.843791743740439 ], [ 5146998.970544436946511, -15840833.997502587735653 ], [ 4869754.384441220201552, -15928248.879724185913801 ], [ 4591026.423978132195771, -16010811.8630366101861 ], [ 4310899.992392028681934, -16088497.797955336049199 ], [ 4029460.418907617684454, -16161283.020592026412487 ], [ 3746793.432745346799493, -16229145.359862780198455 ], [ 3462985.137007459066808, -16292064.144241658970714 ], [ 3178121.982450149022043, -16350020.208057433366776 ], [ 2892290.741149824578315, -16402995.897331630811095 ], [ 2605578.480071497149765, -16450975.075156111270189 ], [ 2318072.53454733453691, -16493943.126608524471521 ], [ 2029860.481673476053402, -16531886.963204158470035 ], [ 1741030.113633199362084, -16564795.026882816106081 ], [ 1451669.41095457249321, -16592657.293529512360692 ], [ 1161866.515710731735453, -16615465.276027917861938 ], [ 871709.704670951818116, -16633212.026845619082451 ], [ 581287.362410687608644, -16645892.140150401741266 ], [ 290687.954388775920961, -16653501.753456914797425 ], [ 0.0, -16656038.548803232610226 ], [ -290687.954388775920961, -16653501.753456914797425 ], [ -581287.362410687608644, -16645892.140150401741266 ] ], [ [ -8987710.195999415591359, -1103069.002729123225436 ], [ -9020621.165687510743737, -1418892.822003845358267 ], [ -9086570.280224092304707, -1472048.314405378885567 ], [ -9036912.799818692728877, -1592690.696022550575435 ], [ -8980939.833320021629333, -1509675.398141157114878 ], [ -8826815.986252389848232, -1717189.105601163813844 ], [ -8890268.163194106891751, -1915110.402735237730667 ], [ -8897659.199454197660089, -1915110.402735237730667 ], [ -8926754.10091813094914, -1827372.282694458961487 ], [ -8926756.37020643427968, -1827367.845230054808781 ], [ -8926866.998122835531831, -1827202.278852856718004 ], [ -8926962.605887236073613, -1827266.161918648751453 ], [ -8997586.629242517054081, -1930823.553462121402845 ], [ -8970541.843705931678414, -1954039.935058342060074 ], [ -8978813.391629377380013, -1966990.526870216010138 ], [ -9045676.659293359145522, -2043606.68369529908523 ], [ -9049140.663239195942879, -2045913.510559004498646 ], [ -9049246.099109072238207, -2045991.707129495451227 ], [ -9378353.768252000212669, -2138752.340149995870888 ], [ -9654291.463270872831345, -1934830.789434955688193 ], [ -9654291.463270872831345, -1934830.789434955921024 ], [ -9766836.06437030620873, -1754596.798041575355455 ], [ -9873343.890079069882631, -1697367.28588276123628 ], [ -9873394.560743190348148, -1697340.201848522992805 ], [ -9873486.745923183858395, -1697271.832659422187135 ], [ -9873507.280009998008609, -1697258.112221264280379 ], [ -9990452.314393624663353, -1634396.968804489821196 ], [ -10245375.238293996080756, -1753241.390369561733678 ], [ -10376179.075382210314274, -1611974.221505475463346 ], [ -10516611.324343495070934, -1652962.253529120702296 ], [ -10573231.373969864100218, -1792184.044340427964926 ], [ -10705515.328538857400417, -2118473.204128045588732 ], [ -10705518.38443853892386, -2118488.567173200659454 ], [ -10705590.72446565516293, -2118654.251550448592752 ], [ -10705610.5613246653229, -2118683.939507956150919 ], [ -10705682.636139143258333, -2118836.704755008686334 ], [ -10705689.177834430709481, -2118848.999619921203703 ], [ -10706460.680168177932501, -2120415.372599215246737 ], [ -10708553.491921029984951, -2123796.088384326081723 ], [ -10708554.712046412751079, -2123797.676279428415 ], [ -11239495.199974924325943, -2812062.55408447701484 ], [ -11307498.182179441675544, -3105830.79281210526824 ], [ -11318836.605699691921473, -4086906.49577134847641 ], [ -11648890.41708661429584, -4239723.892571893520653 ], [ -11869406.619256241247058, -4211393.348916064947844 ], [ -12047943.254460329189897, -4299022.866303570568562 ], [ -12655545.764745505526662, -4238037.395970745943487 ], [ -12655950.649150744080544, -4237934.360974515788257 ], [ -12703183.836339469999075, -4233069.096090015023947 ], [ -12908057.836861146613955, -4344852.654460675083101 ], [ -13422280.636626312509179, -4154752.089574967045337 ], [ -13422301.922652034088969, -4154740.939414638094604 ], [ -13422493.644235871732235, -4154673.536849674303085 ], [ -13422517.262460546568036, -4154669.43869893392548 ], [ -13424859.531976019963622, -4153467.791723434347659 ], [ -13424911.361939186230302, -4153440.641873729415238 ], [ -13429034.702075835317373, -4150704.116442861035466 ], [ -13429068.855244340375066, -4150673.420501472894102 ], [ -13431106.922187933698297, -4148987.823670549318194 ], [ -13431185.353399362415075, -4148906.864441783167422 ], [ -13431233.896076558157802, -4148853.305850931908935 ], [ -13431245.614821219816804, -4148834.799930830020458 ], [ -13431646.206305023282766, -4148429.211891673970968 ], [ -13560412.413078097626567, -4012014.052873347420245 ], [ -13730067.651299009099603, -4139187.585723068099469 ], [ -14627435.418914370238781, -3872199.594651596155018 ], [ -14627462.150384655222297, -3872195.214770651422441 ], [ -14794545.9793018437922, -3822455.323583239223808 ], [ -15112870.103205343708396, -3930705.116478745359927 ], [ -15221712.458115665242076, -4140413.553235983941704 ], [ -15321109.064924875274301, -4582785.74580223672092 ], [ -15248557.817348914220929, -4707731.509283077903092 ], [ -15199801.318658007308841, -5274951.206403738819063 ], [ -15126069.253963697701693, -5393852.480504663661122 ], [ -15137006.513737706467509, -5718658.70328273717314 ], [ -15004063.897568702697754, -6099760.869633876718581 ], [ -14921613.88863174803555, -6242415.596205509267747 ], [ -14828892.088800936937332, -6241987.948277000337839 ], [ -14663229.013109002262354, -6551386.444203274324536 ], [ -14626832.689461056143045, -6533299.565949578769505 ], [ -14735674.390637708827853, -5888983.852617844007909 ], [ -14612787.202342318370938, -5549161.363183013163507 ], [ -14021835.579944582656026, -6179310.388976185582578 ], [ -13933603.11634392850101, -6230806.329678202047944 ], [ -14028573.995396286249161, -5912051.592813793569803 ], [ -13913107.512564674019814, -5765320.767558096908033 ], [ -13637615.629343131557107, -6152311.291755804792047 ], [ -13312216.936502002179623, -6238548.949160593561828 ], [ -13184383.001905823126435, -6108555.903328072279692 ], [ -12844038.69776956550777, -6730675.194197859615088 ], [ -12662708.271712651476264, -6701320.182496902532876 ], [ -12049724.474007863551378, -7556081.93021759018302 ], [ -11781031.897180367261171, -7690456.155943986028433 ], [ -11781401.35486407764256, -7582728.034143777564168 ], [ -11711140.79209047742188, -7537187.747925782576203 ], [ -11790638.967187141999602, -7244296.30636690184474 ], [ -11730549.049100050702691, -7186900.692257176153362 ], [ -11686975.21694840118289, -7203389.419333050958812 ], [ -11520013.295283362269402, -7661728.698806480504572 ], [ -11287322.838432818651199, -8012275.303715602494776 ], [ -11022466.6297070030123, -8189586.312372020445764 ], [ -10835924.624528070911765, -8284338.86348174046725 ], [ -10612780.95177548378706, -8280341.952996172942221 ], [ -10552611.731546649709344, -8393716.146142998710275 ], [ -10109430.950653349980712, -8569995.512831265106797 ], [ -10109406.10770408064127, -8569999.855315679684281 ], [ -10105116.683411275967956, -8571552.529733575880527 ], [ -10105109.043294610455632, -8571554.049447268247604 ], [ -10105098.468925887718797, -8571559.050751201808453 ], [ -10105009.904852848500013, -8571590.757816705852747 ], [ -9854880.876592073589563, -8648949.693668659776449 ], [ -9759029.226165113970637, -8650265.210271760821342 ], [ -9759154.179152511060238, -8583179.798530541360378 ], [ -9557021.185482917353511, -8494014.778963031247258 ], [ -9556881.65858350135386, -8494120.470787210389972 ], [ -9556321.962554151192307, -8494407.521060828119516 ], [ -8295999.672327104955912, -9329327.358851380646229 ], [ -7572124.454855198040605, -9243964.104041123762727 ], [ -7202126.186643885448575, -8905767.084021562710404 ], [ -6393420.008723839186132, -8967538.625363953411579 ], [ -6189516.31314810551703, -8875673.343428585678339 ], [ -6147560.115698057226837, -8622440.402092713862658 ], [ -6319042.623424932360649, -8496237.055431617423892 ], [ -6657826.755606931634247, -7900290.099209059029818 ], [ -7186463.261089676991105, -7385202.884455637075007 ], [ -7186477.853913432918489, -7385181.34866208769381 ], [ -7186500.214040113613009, -7385166.408103098161519 ], [ -7186638.459888566285372, -7385014.373819906264544 ], [ -7186707.846859090961516, -7384951.48513560462743 ], [ -7186971.461547794751823, -7384660.631147514097393 ], [ -7188531.44888870511204, -7382759.781072743237019 ], [ -7188598.934398883953691, -7382647.188301173038781 ], [ -7188765.285524465143681, -7382444.488868166692555 ], [ -7193754.795567849650979, -7370623.828127698972821 ], [ -7193793.711729817092419, -7370471.05106143373996 ], [ -7194014.657012307085097, -7368397.287380491383374 ], [ -7194081.937850340269506, -7367978.283154377713799 ], [ -7194096.127882327884436, -7367711.157773453742266 ], [ -7194111.832857235334814, -7367638.291976290754974 ], [ -7612806.646763976663351, -6539588.980188515968621 ], [ -7641845.706766444258392, -6403998.572787093929946 ], [ -7542987.155551732517779, -6320053.289724869653583 ], [ -7561762.261946891434491, -6137594.811545953154564 ], [ -7476331.416584273800254, -5993742.126844734884799 ], [ -7494800.970034066587687, -5912811.890439386479557 ], [ -7576708.027783984318376, -5553973.523098040372133 ], [ -7630176.101362493820488, -5499281.936053162440658 ], [ -7615947.884061814285815, -5491742.123816068284214 ], [ -7615796.100038907490671, -5491640.704974384047091 ], [ -7615825.533115305937827, -5491492.734907031990588 ], [ -7867572.754188881255686, -5089406.710668967105448 ], [ -8079516.478449374437332, -5033093.905308250337839 ], [ -7867577.721114367246628, -5089405.390971914865077 ], [ -7896772.094536241143942, -4821601.605209638364613 ], [ -7832669.475163987837732, -4715483.78993309661746 ], [ -7881920.199180879630148, -4537264.670308644883335 ], [ -7903731.557423993945122, -4402820.302115548402071 ], [ -7851889.835809141397476, -4359442.278322792612016 ], [ -7886176.435416917316616, -4171784.310192266944796 ], [ -7816309.872877676039934, -4128059.043387211859226 ], [ -7816087.529752723872662, -4127910.478460831101984 ], [ -7816086.842087265104055, -4127907.021333110984415 ], [ -7927925.332101746462286, -3815444.154227737337351 ], [ -7928067.451624258421361, -3815231.45733135798946 ], [ -7928345.457123699598014, -3815286.756063396576792 ], [ -8013038.52830196917057, -3834249.860701647121459 ], [ -8082179.288361863233149, -3756335.296972963027656 ], [ -8219189.791031654924154, -3305987.532023950945586 ], [ -8161586.583445620723069, -2989232.324469016864896 ], [ -8305636.964426196180284, -2840638.006931039504707 ], [ -8354752.838552510365844, -2843645.101265303790569 ], [ -8400144.241440199315548, -2921188.747865105513483 ], [ -8518170.227060915902257, -2921188.747865105513483 ], [ -8575630.246376262977719, -2866834.675539775751531 ], [ -8493322.651140764355659, -2723961.11399890948087 ], [ -8364584.529198706150055, -2755383.437096427194774 ], [ -8316479.326384131796658, -2691812.56091337185353 ], [ -8309325.498469054698944, -2624256.911345036234707 ], [ -8380509.979060589335859, -2550242.584971890319139 ], [ -8510667.251076642423868, -2267251.832158311270177 ], [ -8666541.125065427273512, -2237599.697500853799284 ], [ -8666684.605674624443054, -2237578.726961720734835 ], [ -8667598.283850764855742, -2237341.16819975618273 ], [ -8667687.640060314908624, -2237316.542611735872924 ], [ -8667692.700466172769666, -2237315.803003508131951 ], [ -8668021.034969540312886, -2237225.317627578042448 ], [ -8669841.94581094942987, -2236717.726186952553689 ], [ -8670006.246554842218757, -2236659.333610408939421 ], [ -8671105.33852600120008, -2236274.283247707411647 ], [ -8671187.332974968478084, -2236222.483312537893653 ], [ -8679275.788203058764338, -2230937.072325707413256 ], [ -8679566.642191151157022, -2230673.457637002691627 ], [ -8679568.769553964957595, -2230671.110453841276467 ], [ -8679685.480649137869477, -2230565.106621522922069 ], [ -8679695.078748632222414, -2230550.742050507571548 ], [ -8679709.100863730534911, -2230541.287486170884222 ], [ -8848085.06429216824472, -2059317.280309200286865 ], [ -8835708.746471658349037, -1965937.659019741695374 ], [ -8833852.695983964949846, -1957525.175960091874003 ], [ -8844054.690772969275713, -1955339.581487745046616 ], [ -8786266.391714749857783, -1861697.709341877605766 ], [ -8789550.367817701771855, -1623350.716509163379669 ], [ -8923987.915456430986524, -1382276.341557295294479 ], [ -8869634.380300007760525, -1115078.708362718578428 ], [ -8987710.195999415591359, -1103069.002729123225436 ] ], [ [ -8869566.431083222851157, -1114750.680168062448502 ], [ -8869565.437743846327066, -1114740.987576639046893 ], [ -8869594.135308699682355, -1114596.715175528079271 ], [ -8869627.623222520574927, -1114574.33926688390784 ], [ -8887930.007107829675078, -1105402.424006223678589 ], [ -8756338.422382362186909, -951656.004898606799543 ], [ -8723975.80588123947382, -927616.469787128968164 ], [ -8311672.434214138425887, -929697.401741332840174 ], [ -8294385.919871110469103, -929668.281878599431366 ], [ -8231088.514277466572821, -813079.046805294696242 ], [ -8257385.825442707166076, -198230.573021244665142 ], [ -8249440.359863406047225, -169731.736095790809486 ], [ -8217386.086702384054661, -161012.620870153739816 ], [ -8217386.086702384054661, -161012.620870153710712 ], [ -7965754.212285368703306, -264723.593803785683122 ], [ -7641516.780753197148442, -398359.205602214613464 ], [ -7688628.17604825925082, 14847.45424236292456 ], [ -7815531.495443801395595, 45838.056100680310919 ], [ -7964651.681547614745796, 204990.274120722926455 ], [ -7994032.692416990175843, 590575.733206234639511 ], [ -7891951.91724341083318, 823938.480792997055687 ], [ -7604878.072643625549972, 1018221.949628579313867 ], [ -7370636.698153370991349, 1036065.691315893549472 ], [ -7055814.101049565710127, 948982.624205762404017 ], [ -7053935.332787767983973, 948462.938185344450176 ], [ -6819518.387972663156688, 873467.049962915014476 ], [ -6665011.17299089487642, 462553.832260775030591 ], [ -6756838.757125618867576, -33355.272276052848611 ], [ -6756927.317824987694621, -33520.957691027644614 ], [ -6762716.246608505956829, -63413.567803820908011 ], [ -6691978.58965309523046, -38889.768824149825377 ], [ -6616114.686384914442897, -112243.160287876977236 ], [ -6625458.468720509670675, -740298.518137821927667 ], [ -6736053.673401090316474, -880312.750255867489614 ], [ -6929990.095777926966548, -930385.137453419156373 ], [ -7105049.99398978240788, -1149566.321885792771354 ], [ -7083116.437542988918722, -1188272.391379912151024 ], [ -6953461.353125124238431, -1204587.202851054258645 ], [ -6554383.483002017252147, -961838.803503392264247 ], [ -6345774.473359896801412, -1015363.83773778390605 ], [ -5920071.474766554310918, -1496337.701985604129732 ], [ -5726485.683031713590026, -1409037.077608724590391 ], [ -5481191.562327421270311, -1433196.462973615387455 ], [ -5184241.666779256425798, -1573970.064624652499333 ], [ -5086955.699747688136995, -1816892.863892555702478 ], [ -4999652.956008111126721, -1713391.102652235655114 ], [ -4798547.407116310670972, -1759651.838914028834552 ], [ -4592471.18234300147742, -1928734.618329338496551 ], [ -4677175.622579428367317, -2147339.909768344368786 ], [ -4426383.204371724277735, -2336863.831375107634813 ], [ -4341729.727127825841308, -2297149.854396488983184 ], [ -4361702.931092850863934, -2033502.498105521313846 ], [ -4150661.871393640525639, -2000061.84669613558799 ], [ -4145291.222408609464765, -1752974.90123515133746 ], [ -4053385.970408418215811, -1762792.047103606630117 ], [ -3979037.964598574209958, -1888362.96581229637377 ], [ -4061218.136550365481526, -2023100.384458797518164 ], [ -4004582.613015225622803, -2112204.723169951234013 ], [ -3920602.703681683167815, -2053028.467762182932347 ], [ -3495677.697701819241047, -2357167.805468518286943 ], [ -3401877.897394411731511, -2286482.175440261606127 ], [ -3345847.938056839630008, -1809226.209152879891917 ], [ -3034594.117752489633858, -1440572.570807190379128 ], [ -3178653.021271801553667, -1447036.280368911335245 ], [ -3284254.489919944200665, -1330056.319862743839622 ], [ -3244133.131892237346619, -1184867.864954344928265 ], [ -3052861.173804289195687, -1115581.21084805787541 ], [ -3064308.170141307171434, -1027121.61815786047373 ], [ -2946194.676991161424667, -833770.337995289009996 ], [ -2985479.918898697942495, -580181.551805592374876 ], [ -3050333.128474833443761, -580436.088540134718642 ], [ -3111947.942189189605415, -690718.233693945221603 ], [ -3411696.654040755238384, -730199.748229550197721 ], [ -3665633.230429428163916, -903242.018328623962589 ], [ -3878964.862273472361267, -760617.360514345113188 ], [ -4095206.917755577713251, -847303.906315675587393 ], [ -4231832.743585329502821, -738408.289569887681864 ], [ -4168917.718105908948928, -608170.208975184359588 ], [ -4090657.081662402488291, -635482.94045080372598 ], [ -4030397.720408864319324, -521080.400684268737677 ], [ -3868984.056683057919145, -478045.843282521818765 ], [ -3887456.261219649575651, -325626.81325715634739 ], [ -3671911.117673108354211, 141853.975710217666347 ], [ -3424826.423648423049599, 317533.638200123619754 ], [ -3180807.642090091016144, 248550.170641652453924 ], [ -2876140.499692470766604, -35008.179066112301371 ], [ -2917596.76123343873769, -257314.750723016069969 ], [ -2960812.07042387733236, -317679.089720570365898 ], [ -3023930.997786229010671, -350601.477424315060489 ], [ -2907718.067802795208991, -482249.809210239502136 ], [ -2837498.731544375419617, -372400.255685764423106 ], [ -2725309.634252880699933, -268077.984893126704264 ], [ -2590118.933669792488217, -319227.627296072605532 ], [ -2519044.075815384741873, -378446.229224817128852 ], [ -2304542.176201609428972, -330255.098414947802667 ], [ -2276644.320146781392395, -205049.794632702920353 ], [ -2363534.590451289899647, -198481.8475238175306 ], [ -2413053.621127277612686, -160286.457911680161487 ], [ -2285197.888757515698671, 84468.470501221250743 ], [ -2101815.479893065057695, 134738.714882166968891 ], [ -2085929.867371542844921, 217696.913605671288678 ], [ -2240304.148001478519291, 247348.901505037094466 ], [ -2267056.192084906622767, 351265.301781277288683 ], [ -2297887.976958214305341, 370006.190625836839899 ], [ -2379253.282349642366171, 323669.358832828875165 ], [ -2470205.834783537779003, 427772.462684818659909 ], [ -2388710.845906992908567, 518623.653580170532223 ], [ -2410867.766166080255061, 574757.293270730762742 ], [ -2350542.302325908560306, 622284.229241237742826 ], [ -2318957.83809401653707, 883936.472585406620055 ], [ -2222834.479117304552346, 1049268.650025351438671 ], [ -2036231.37988054798916, 1113862.030530382646248 ], [ -1916360.601042994996533, 1304381.184039126615971 ], [ -1727725.548151328461245, 1433430.476234818110242 ], [ -1601673.54269405733794, 1735806.378534948453307 ], [ -1456839.740058226976544, 1792262.777135426411405 ], [ -857571.873995998990722, 1941296.32468627509661 ], [ -598902.706808490096591, 2286335.97242447687313 ], [ -755211.478062370908447, 2463585.252168538514525 ], [ -607848.143003345816396, 2679019.689692766871303 ], [ -671008.949679505778477, 2725831.560824966523796 ], [ -926402.71796869370155, 2681348.0904904701747 ], [ -969453.930595528450795, 2747768.180625325068831 ], [ -780253.333939152187668, 3074466.745756847783923 ], [ -832158.725358030758798, 3137345.119908294640481 ], [ -798963.442618927103467, 3214278.182841151021421 ], [ -1005672.712373076588847, 3173745.830443254671991 ], [ -1128976.376773008843884, 3304127.33596332045272 ], [ -1331525.309700535144657, 3244238.888279625214636 ], [ -1444694.544601287459955, 3325236.758120181970298 ], [ -1462854.253631977364421, 3279102.183067165780813 ], [ -1619056.659719842951745, 3293506.970085212029517 ], [ -1664748.746526191476732, 3203055.264184408355504 ], [ -1607398.647666229167953, 3021734.032311532180756 ], [ -1812734.595000677974895, 2742465.582071197684854 ], [ -2721569.673537496477365, 2641857.039164047688246 ], [ -2977007.894439836964011, 2514477.198502685409039 ], [ -3096097.771896310150623, 2596265.25881729926914 ], [ -3383176.893012134358287, 2607393.398991893045604 ], [ -3429915.22197630815208, 2650007.827810424845666 ], [ -3809210.185838910285383, 2467155.53252812800929 ], [ -3873208.013205097056925, 2482213.844849583692849 ], [ -3942408.854160923045129, 2498496.395662719383836 ], [ -3960124.048418092541397, 2635350.417278583161533 ], [ -4351492.388484418392181, 2959529.941816755570471 ], [ -4815702.366801812313497, 3129784.466355166397989 ], [ -5254123.306590761989355, 3123651.420670885592699 ], [ -5383567.281537218019366, 3067111.972279855515808 ], [ -5582333.238685571588576, 2916970.111024144571275 ], [ -5698734.157932864502072, 2913859.537935961037874 ], [ -6054584.831423131749034, 2904350.166914420668036 ], [ -6146447.243043515831232, 2835870.914615589194 ], [ -6244010.003505584783852, 2788801.161761082243174 ], [ -6297084.481910532340407, 2817379.727056054398417 ], [ -6298804.639656426385045, 2841461.9354985691607 ], [ -6442523.125268910080194, 2803395.949244242627174 ], [ -6454769.090869593434036, 2788310.339446299243718 ], [ -6719592.301426025107503, 2723011.828618835657835 ], [ -6743492.629613659344614, 2731839.299256296362728 ], [ -6829644.49739181343466, 2652560.205753476824611 ], [ -7025157.45490148011595, 2534315.842229666654021 ], [ -6995218.005544843152165, 2458106.334776408039033 ], [ -6728484.729458440095186, 2575142.364079626277089 ], [ -6199100.829470628872514, 2712591.654307824093848 ], [ -6048976.78638503048569, 2773803.350346060469747 ], [ -5919862.2864412618801, 2714306.042887189891189 ], [ -5972177.608341079205275, 2584866.280627546831965 ], [ -6207120.857986390590668, 2585932.625758747570217 ], [ -7174719.673214155249298, 2030787.096996828448027 ], [ -7376449.316953033208847, 1987489.365627946099266 ], [ -7494751.75330772344023, 2070893.018375975079834 ], [ -7775516.201407327316701, 1767506.575597117422149 ], [ -8144844.837878949940205, 1091477.87748944782652 ], [ -8196026.492286684922874, 895404.068795239785686 ], [ -8135676.595319842919707, 673734.240320032695308 ], [ -8347100.734760781750083, 307547.714147457445506 ], [ -8295370.970636874437332, 308602.872035499662161 ], [ -8346992.885481561534107, 307549.914003181038424 ], [ -8436470.293008910492063, 159249.615236300509423 ], [ -8436520.917645543813705, 159149.340309240011266 ], [ -8436585.764261648058891, 158939.646559771616012 ], [ -8472883.574775135144591, -13785.937085216377454 ], [ -8530822.668779071420431, -162242.473120849113911 ], [ -8546871.089439660310745, -304538.469644740864169 ], [ -8477491.331964999437332, -308480.868198875337839 ], [ -8480407.248696757480502, -350659.717156614467967 ], [ -8555593.882629243656993, -436193.748892940289807 ], [ -8696361.863257022574544, -596078.159490044694394 ], [ -8671024.027039341628551, -751388.457282979623415 ], [ -8739373.481199972331524, -813814.646942238672636 ], [ -8773137.083918124437332, -937183.260777000337839 ], [ -8739373.481199972331524, -813814.646942238556221 ], [ -8767433.994540279731154, -796263.449232066748664 ], [ -8770214.061805587261915, -689788.080028197029606 ], [ -8868582.92866088822484, -684124.304673067876138 ], [ -8855733.423731353133917, -812374.526438106433488 ], [ -8919695.782582050189376, -924551.684183160541579 ], [ -8919791.443792320787907, -924737.446135072037578 ], [ -8919816.124543188139796, -924809.000483573530801 ], [ -8931440.390864977613091, -965184.253285451675765 ], [ -8963561.040881151333451, -994778.930401307414286 ], [ -8979396.202073831111193, -1020114.911519165849313 ], [ -8987710.195999417454004, -1103069.002729122759774 ], [ -8869634.380300007760525, -1115078.708362718578428 ], [ -8869566.431083222851157, -1114750.680168062448502 ] ], [ [ -7680952.330051158554852, -4189664.353935082443058 ], [ -7770124.843392666429281, -4222360.942160301841795 ], [ -7711228.699168403632939, -4323019.806834496557713 ], [ -7608899.670166931115091, -4266863.632382470183074 ], [ -7680952.330051158554852, -4189664.353935082443058 ] ], [ [ -686965.670005725347437, -4219278.979633863084018 ], [ -472296.148794098291546, -4134845.841839337255806 ], [ -459079.03574658249272, -3988102.640902565792203 ], [ -410871.973980939190369, -3943027.638392045162618 ], [ -478764.291690605634358, -3880578.919855770654976 ], [ -559556.113436482846737, -3917833.682951654307544 ], [ -668116.516194651718251, -3967893.107271489221603 ], [ -694309.946161859901622, -4128698.995302074588835 ], [ -723753.451647031470202, -4184186.664956522639841 ], [ -686965.670005725347437, -4219278.979633863084018 ] ], [ [ -310803.34503137669526, -4084372.355290170758963 ], [ -370942.290295313519891, -4260388.780452912673354 ], [ -193680.976856555324048, -4280084.481946107931435 ], [ -212598.760790694272146, -4325802.459786943159997 ], [ -405514.200537376222201, -4361574.859210169874132 ], [ -430622.207768384832889, -4435061.709642389789224 ], [ -7676.065607624375843, -4373969.489108057692647 ], [ 119444.998186586308293, -4271958.75890282727778 ], [ 142170.404340238776058, -4189579.161595836281776 ], [ -170527.603290489176288, -3786286.40409078495577 ], [ -117924.200137656414881, -3613864.138200944289565 ], [ -193906.893580637406558, -3555415.912475574761629 ], [ -188062.071008100174367, -3496967.686750204768032 ], [ -334182.635321524692699, -3499890.098036472685635 ], [ -357561.925611672690138, -3923639.734545404091477 ], [ -237743.06287466478534, -3906105.266827792860568 ], [ -205596.538725711172447, -4081449.944003902375698 ], [ -310803.34503137669526, -4084372.355290170758963 ] ], [ [ -7431533.89995994605124, -3109400.751807997003198 ], [ -7296130.887844311073422, -3360863.488594176713377 ], [ -7205862.213100554421544, -3322176.913703995291144 ], [ -7334817.462734492495656, -3051370.889472724869847 ], [ -7431533.89995994605124, -3109400.751807997003198 ] ], [ [ -1129107.716004608897492, -2571997.431565125007182 ], [ -939256.666525515611283, -2787105.29910935787484 ], [ -671761.926700275857002, -2691186.670690327882767 ], [ -725227.270376316504553, -2555353.991022173315287 ], [ -895880.377031923388131, -2561376.490278034470975 ], [ -1054763.471263768151402, -2460002.339315103366971 ], [ -1129107.716004608897492, -2571997.431565125007182 ] ], [ [ -3842342.034018929582089, -2753432.669863710645586 ], [ -3842420.294521769974381, -2846941.903036459814757 ], [ -3650280.881001082248986, -2674576.979424652643502 ], [ -3721667.570552935358137, -2572530.204092813190073 ], [ -3699300.642821392510086, -2443106.030696716625243 ], [ -3721362.374478810001165, -2378391.617834958713502 ], [ -4003952.81181928049773, -2407695.969853794202209 ], [ -3887947.683805887121707, -2600898.560542827472091 ], [ -3931078.814506729133427, -2700324.061930121853948 ], [ -3842342.034018929582089, -2753432.669863710645586 ] ], [ [ -7434908.769553419202566, -2476562.526535421144217 ], [ -7457154.824996642768383, -2215828.416771340649575 ], [ -7511751.216532554477453, -2219145.493164571933448 ], [ -7492121.783390020020306, -2346736.808591049630195 ], [ -7571777.351114652119577, -2384536.475963616278023 ], [ -7662000.413321252912283, -2130256.406277650501579 ], [ -7709675.83136825915426, -2130282.850531356409192 ], [ -7603542.957793962210417, -2493702.444659233558923 ], [ -7603447.191659148782492, -2494036.83578344527632 ], [ -7611049.447410090826452, -2553236.606148872058839 ], [ -7508987.490351696498692, -2615851.270947087556124 ], [ -7422834.199965170584619, -2882094.46906460961327 ], [ -7381442.690908511169255, -2889779.946735318284482 ], [ -7434908.769553419202566, -2476562.526535421144217 ] ], [ [ -7803365.408291085623205, -1805054.253009390318766 ], [ -7779898.196506425738335, -1911459.211648179916665 ], [ -7727119.278203427791595, -1894843.378889649175107 ], [ -7774754.572481782175601, -1601183.502679460449144 ], [ -7829879.849401171319187, -1598048.569651831639931 ], [ -7849487.609826230444014, -1771957.302833708003163 ], [ -7803365.408291085623205, -1805054.253009390318766 ] ], [ [ -7156947.708676500245929, -1563784.032044771360233 ], [ -7207988.644231804646552, -1546645.836946018738672 ], [ -7214710.76903832051903, -1581065.81524106208235 ], [ -7197672.582188933156431, -1621486.10985639016144 ], [ -7156947.708676500245929, -1563784.032044771360233 ] ], [ [ -6877203.062333296053112, -1597736.398743711877614 ], [ -6873594.203525121323764, -1563903.46822319412604 ], [ -6969106.746680179610848, -1540052.47386797145009 ], [ -6965479.480575772933662, -1584155.411321792751551 ], [ -6877203.062333296053112, -1597736.398743711877614 ] ], [ [ -7121636.355563404038548, -1549674.212619730271399 ], [ -7061440.340402795001864, -1474475.748332362389192 ], [ -7130888.452277512289584, -1458869.102617697091773 ], [ -7156756.096141430549324, -1518347.457507646875456 ], [ -7121636.355563404038548, -1549674.212619730271399 ] ], [ [ -6951940.759722590446472, -1352374.551574178272858 ], [ -6897423.103819780983031, -1498710.282488522352651 ], [ -6873660.97232651617378, -1478024.85804007621482 ], [ -6918290.402738314121962, -1338529.844445234630257 ], [ -6951940.759722590446472, -1352374.551574178272858 ] ], [ [ -1333561.325819416437298, -801912.940723322913982 ], [ -1420595.701407901477069, -976433.201886719325557 ], [ -1665903.78728046361357, -1168192.256218149559572 ], [ -1669070.047772893914953, -1243436.749117186991498 ], [ -1839569.944777341093868, -1323524.854596895631403 ], [ -1850207.086260126903653, -1421559.325896196067333 ], [ -2022319.653267469024286, -1510824.359998990548775 ], [ -2266735.04148961417377, -1842874.961863001110032 ], [ -2400284.618468967266381, -2174551.763825627975166 ], [ -2328520.407017639838159, -2218969.63558116229251 ], [ -2321473.514423206448555, -2405113.111781779211015 ], [ -1741158.602470992598683, -2084201.496953241061419 ], [ -1485613.32227344554849, -2145294.867406069301069 ], [ -1336348.583651374327019, -2066484.352077467134222 ], [ -1063048.953480928670615, -2102868.610276236198843 ], [ -885064.873259206535295, -2048366.151152072940022 ], [ -741427.511453765560873, -1721348.289543082704768 ], [ -516249.738035980379209, -1542595.341350859962404 ], [ -556628.611328650498763, -1431984.561565151438117 ], [ -449023.699858569598291, -1347856.221996598178521 ], [ -470291.214269642718136, -1176916.667114111129194 ], [ -256185.872317837900482, -901006.678280527004972 ], [ -339117.69213106186362, -886037.728110750787891 ], [ -372374.243870501348283, -640336.612817545887083 ], [ -887890.282762793358415, -445874.526968902326189 ], [ -887971.855480952188373, -445831.774545530439354 ], [ -955636.162937983754091, -420349.238717214146163 ], [ -1034553.648015536367893, -505901.437037706316914 ], [ -1247915.919626866001636, -414075.389278060640208 ], [ -1435074.061417101649567, -576247.091568667441607 ], [ -1333561.325819416437298, -801912.940723322913982 ] ], [ [ -7525430.196888416074216, -1662533.328212213935331 ], [ -7598525.712151632644236, -1686762.56569429859519 ], [ -7469476.945677968673408, -2026060.779755581403151 ], [ -7375204.938465095125139, -1008285.948912470717914 ], [ -7423079.565578872337937, -737805.915804673917592 ], [ -7539224.184374773874879, -625329.964129672851413 ], [ -7572970.649685555137694, -686750.954961359733716 ], [ -7465638.261646224185824, -788452.94288242305629 ], [ -7435485.433017419651151, -963349.31706429773476 ], [ -7470978.071174261160195, -1009107.819642362184823 ], [ -7525430.196888416074216, -1662533.328212213935331 ] ], [ [ -2855017.442372518591583, -1015249.120888399309479 ], [ -2842680.747196406591684, -1322541.514804240781814 ], [ -2680440.236973732709885, -1276760.18433388415724 ], [ -2574766.93351508397609, -1074219.686038140207529 ], [ -2487152.42696229275316, -1000806.31097420793958 ], [ -2383466.34085004683584, -1111227.564909161999822 ], [ -2451307.908614224754274, -1207044.1201174876187 ], [ -2289568.14793206192553, -1206861.985388052184135 ], [ -2237189.71302180364728, -906210.330889928038232 ], [ -2068501.117033508839086, -846457.484684878960252 ], [ -1962014.365534277865663, -521426.747045715397689 ], [ -1832832.855096246348694, -405279.462680793541949 ], [ -1824874.988292770227417, -152484.636322896170896 ], [ -1972177.149982920847833, -13446.91351351571393 ], [ -2043981.403107090620324, -19435.230582842697913 ], [ -2166185.015392212197185, -86658.788954942967393 ], [ -2208142.205928611569107, -432896.496993286826182 ], [ -2413725.64735301444307, -546511.154362998902798 ], [ -2414385.543271225411445, -546642.415822314447723 ], [ -2442190.091308226343244, -560685.542012499761768 ], [ -2410181.656369965523481, -791507.214765641838312 ], [ -2628524.276422106195241, -763449.94354535266757 ], [ -2731966.345159906428307, -599429.435832129791379 ], [ -2779723.0231096399948, -637010.770895055960864 ], [ -2713938.427275539375842, -774110.89587207022123 ], [ -2855017.442372518591583, -1015249.120888399309479 ] ], [ [ -1619179.784743552561849, -323372.916162096662447 ], [ -1365414.117045032791793, -304148.244366754079238 ], [ -1157787.661655334755778, -327217.850521164946258 ], [ -904192.239524041768163, -349355.361837250646204 ], [ -766406.566671371459961, -357966.966390542685986 ], [ -719465.144721528049558, -269543.835135137662292 ], [ -800208.766261965967715, -111901.52641333010979 ], [ -892487.190879609435797, 7291.438717792974785 ], [ -1053974.433960485737771, 126484.403848915826529 ], [ -1115493.383705581538379, 226452.697184696095064 ], [ -1203926.873964156489819, 322576.05616140877828 ], [ -1361569.182685964275151, 318731.121802339795977 ], [ -1430778.001149197109044, 311041.253084203228354 ], [ -1457692.541662676259875, 334110.859238614095375 ], [ -1638404.456538895145059, 307196.318725134246051 ], [ -1734527.815515607129782, 153398.944362395210192 ], [ -1721276.55135141313076, -117945.003028347156942 ], [ -1699259.690449154470116, -257385.122075984720141 ], [ -1619179.784743552561849, -323372.916162096662447 ] ], [ [ -1299618.589982385747135, 801660.980901034432463 ], [ -1380798.781974801095203, 790899.648258193628863 ], [ -1534591.228844046127051, 668620.148477572016418 ], [ -1606174.714970474597067, 668620.148477572016418 ], [ -1586982.450820261845365, 539837.569771473878063 ], [ -1606618.49465326173231, 399619.304841167351697 ], [ -1519826.712498564040288, 405931.434452417946886 ], [ -1504351.506743657635525, 479196.585424348071683 ], [ -1422362.516119504813105, 494113.377942837832961 ], [ -1422363.666986510623246, 598110.196697899024002 ], [ -1262454.250208836747333, 703432.262042429763824 ], [ -1299618.589982385747135, 801660.980901034432463 ] ], [ [ -1757945.444396988721564, 1132342.140939472010359 ], [ -1839940.893241277197376, 965791.505826054606587 ], [ -1985146.188074983656406, 1019913.698063 ], [ -2111331.382704318501055, 926230.750535160303116 ], [ -2226679.413476373068988, 922385.816176091786474 ], [ -2215144.610399167519063, 672465.08283664053306 ], [ -2287443.473681468050927, 600166.219554340001196 ], [ -2276069.875621993560344, 522380.911035215423908 ], [ -2164090.42886673565954, 439516.120436325087212 ], [ -2070048.92239354015328, 536043.840161430649459 ], [ -1844543.961203735787421, 476150.337335885851644 ], [ -1774939.905993873719126, 517176.998303859785665 ], [ -1839177.610435978975147, 707875.274627870530821 ], [ -1618895.129091584356502, 831841.692572559928522 ], [ -1529099.671077567152679, 830612.428550943383016 ], [ -1470900.850730909965932, 975373.317814106820151 ], [ -1633299.828315378865227, 1134175.439646287821233 ], [ -1757945.444396988721564, 1132342.140939472010359 ] ], [ [ 1528443.652769133448601, -5866422.68631493486464 ], [ 1535348.061284041265026, -5826377.116928471252322 ], [ 1470446.621243909932673, -5809806.536492692306638 ], [ 1473208.384649872779846, -5856756.514394064433873 ], [ 1528443.652769133448601, -5866422.68631493486464 ] ], [ [ 1521539.244254225865006, -5753190.386670450679958 ], [ 1527062.771066152025014, -5613721.334669317118824 ], [ 1482874.556570743443444, -5588865.464015649631619 ], [ 1226030.559816180728376, -5652386.022352799773216 ], [ 1232934.96833108831197, -5709002.172175042331219 ], [ 1521539.244254225865006, -5753190.386670450679958 ] ], [ [ 790987.921110804192722, -5462271.404694599099457 ], [ 853127.597744972561486, -5683212.477171641774476 ], [ 973264.305904364911839, -5648690.434597103856504 ], [ 920790.801191067090258, -5409797.899981300346553 ], [ 790987.921110804192722, -5462271.404694599099457 ] ], [ [ 818702.908569731749594, -5349908.02713364828378 ], [ 865652.886471103411168, -5349908.02713364828378 ], [ 879461.703500918694772, -5247722.781113016419113 ], [ 840797.015817436156794, -5178678.695963940583169 ], [ 782799.984292212291621, -5251865.426221961155534 ], [ 818702.908569731749594, -5349908.02713364828378 ] ], [ [ 3382736.717281693127006, -5160800.426859855651855 ], [ 3432605.985835867933929, -4970050.474640137515962 ], [ 3264297.204465528484434, -5186981.792850797064602 ], [ 3382736.717281693127006, -5160800.426859855651855 ] ], [ [ -2452217.50312285637483, -7998578.851590570993721 ], [ -2402609.850652298424393, -8158319.066026044078171 ], [ -2438829.479896770790219, -8176637.775403019040823 ], [ -2444195.489013698883355, -8208911.093820845708251 ], [ -2436421.649340644478798, -8286511.154362998902798 ], [ -2436100.936844408977777, -8289712.572217133827507 ], [ -2335256.224543124437332, -8314736.971714500337839 ], [ -2436100.936844409443438, -8289712.572217133827507 ], [ -2425471.546845211647451, -8391971.526254650205374 ], [ -2311378.604357291013002, -8401813.959293628111482 ], [ -2246668.188915028702468, -8477123.922990126535296 ], [ -2025370.533601209055632, -8755368.818042367696762 ], [ -2025370.533601209754124, -8755368.818042367696762 ], [ -2036150.073504068888724, -8933831.269907929003239 ], [ -1841103.95338278519921, -9040407.092056332156062 ], [ -1457022.589076910400763, -9336578.405907496809959 ], [ -1230875.94291780795902, -9387113.761160125955939 ], [ -463039.225503824476618, -9421368.428864203393459 ], [ -331604.001146968803369, -9456715.114066889509559 ], [ 163430.940524864650797, -9311726.678004803135991 ], [ 274783.592387773212977, -9285157.505940694361925 ], [ 441869.084857712499797, -9247389.202701715752482 ], [ 799433.708811899763532, -9273903.107592275366187 ], [ 967654.391610191320069, -9442945.872591467574239 ], [ 1428164.901027228450403, -9349563.708378357812762 ], [ 1608823.337686013896018, -9429209.917708098888397 ], [ 1694212.668188631068915, -9598176.060928978025913 ], [ 1636380.79396393103525, -9720341.655130080878735 ], [ 1716059.203973530093208, -9752568.97356223501265 ], [ 1716059.203973529860377, -9752568.97356223501265 ], [ 1584079.522607088787481, -9985091.931058276444674 ], [ 2059826.22730663837865, -10222368.31421634554863 ], [ 2230075.601298106834292, -10311248.408457605168223 ], [ 2274424.026564294472337, -10364295.921726740896702 ], [ 2328938.222684760577977, -10429503.254900338128209 ], [ 2715759.791571714449674, -10904784.419948 ], [ 2427500.485190697945654, -11511569.35764011926949 ], [ 2451389.954531373921782, -11641073.956438327208161 ], [ 2466067.748296838719398, -11720642.144652657210827 ], [ 3132846.706124536693096, -12077492.929475391283631 ], [ 3344379.277787135448307, -12454018.283309772610664 ], [ 3744447.963580653537065, -12638495.813469830900431 ], [ 4266726.812117191031575, -12830633.439170336350799 ], [ 4226642.766492639668286, -12972646.677939727902412 ], [ 4371044.922237816266716, -13064184.92938469722867 ], [ 4699479.341542700305581, -13013442.392540764063597 ], [ 6171847.391843854449689, -12234955.516365189105272 ], [ 6756690.041257295757532, -11588750.937500890344381 ], [ 7029717.200148878619075, -11074396.034319965168834 ], [ 6984908.570378750562668, -10931243.319370750337839 ], [ 6955923.647149548865855, -10764091.58515458740294 ], [ 7313861.844638929702342, -10373713.892546366900206 ], [ 7266365.180292599834502, -10202253.456048376858234 ], [ 6948497.997238761745393, -10017742.435677712783217 ], [ 7519078.829148332588375, -9140026.804698212072253 ], [ 7568448.032887765206397, -8824646.821660861372948 ], [ 7568410.144773995503783, -8824456.345250222831964 ], [ 7568245.608535134233534, -8824210.099366975948215 ], [ 7207491.6589568965137, -8518660.072135336697102 ], [ 6931113.075958812609315, -8489478.072937067598104 ], [ 6798402.004131656140089, -8270204.722642256878316 ], [ 6619730.950146996416152, -8173559.963723566383123 ], [ 6637181.417513504624367, -7844343.761156547814608 ], [ 6698967.744194881990552, -7626240.252835826016963 ], [ 7034763.451984041370451, -6448155.403909091837704 ], [ 6923873.413432789035141, -5699362.363530805334449 ], [ 6785398.114512614905834, -5498140.546639050357044 ], [ 6217684.817633515223861, -6345136.286326971836388 ], [ 5998608.897550093010068, -6394556.785531524568796 ], [ 5849157.222847304306924, -6305676.760742236860096 ], [ 5227410.400093798525631, -6396656.363091997802258 ], [ 5005257.231983864679933, -6295894.305055963806808 ], [ 4729524.978161295875907, -6272321.812677789479494 ], [ 4506735.947213222272694, -6058649.183962102979422 ], [ 4355872.320215406827629, -6079957.302634255960584 ], [ 3578621.618026174604893, -5687489.642445583827794 ], [ 3582397.149086485151201, -5634632.207601239904761 ], [ 3888370.483164550270885, -5740762.451343615539372 ], [ 3842771.080097056459635, -5531207.88747401162982 ], [ 3853468.474400489591062, -5526980.294435367919505 ], [ 3876496.634766699746251, -5532717.069236863404512 ], [ 3914643.882393787615001, -5649734.331842481158674 ], [ 4667762.888804086484015, -5793204.512134270742536 ], [ 4843930.58786506857723, -5928404.891481518745422 ], [ 5112298.926808685064316, -5899715.832157925702631 ], [ 5470850.811251934617758, -6037817.916887800209224 ], [ 5563086.716598505154252, -5978936.428498050197959 ], [ 5915659.141569054685533, -6212323.107829850167036 ], [ 6062982.989019849337637, -6062507.888138306327164 ], [ 6535796.884120722301304, -5130136.562285182997584 ], [ 6501528.987594147212803, -4900711.535164199769497 ], [ 6615346.847440619021654, -4656671.415543120354414 ], [ 6673244.967533357441425, -4227746.035905202850699 ], [ 6503915.816072009503841, -3775786.609578225295991 ], [ 6119190.023413508199155, -4014839.529288362246007 ], [ 6005692.857298980467021, -4001705.935080569237471 ], [ 5957171.313842988573015, -3981350.026656191796064 ], [ 5937633.023202690295875, -3931135.17906009266153 ], [ 5896299.434978280216455, -3950161.751417360268533 ], [ 5927717.47304383572191, -3995990.937949960585684 ], [ 5964050.657604265958071, -4313977.282244302332401 ], [ 5823656.755414850078523, -4532462.799478961154819 ], [ 5701510.132878750562668, -4562727.694370750337839 ], [ 5651542.037636348046362, -4473301.470403540879488 ], [ 5599770.099052468314767, -4432960.783592568710446 ], [ 5543070.802415476180613, -4438826.454793685115874 ], [ 5529493.511969131417572, -4480337.919949433766305 ], [ 5557137.328921365551651, -4549145.113465237431228 ], [ 5623482.14368930272758, -4595500.717890813946724 ], [ 5090410.607417923398316, -4556831.787975152023137 ], [ 5039716.682847420684993, -4541502.993024757131934 ], [ 5012411.468870614655316, -4450896.047569342888892 ], [ 5005806.558186623267829, -4412402.961540750227869 ], [ 5122066.01720870193094, -4257832.714026520960033 ], [ 5394464.799004388041794, -4278309.162510274909437 ], [ 5722842.74639930576086, -4103748.04025173233822 ], [ 5835614.919633471406996, -3821310.567534787580371 ], [ 6027227.213686602190137, -3820225.457403274718672 ], [ 6336019.381776445545256, -3402084.957820018287748 ], [ 6564200.692755676805973, -2870732.286417671479285 ], [ 6859817.762573836371303, -2733379.374371213838458 ], [ 6859817.762573836371303, -2733379.374371214769781 ], [ 7214031.784568510949612, -2578580.290539481677115 ], [ 7288689.087902659550309, -2258145.599370861891657 ], [ 7932424.435256280936301, -2303817.345428125467151 ], [ 8815655.29368125833571, -2036095.306433252757415 ], [ 8870462.535912433639169, -1965110.340820058248937 ], [ 8696150.903138602152467, -1608908.308630056213588 ], [ 8403989.755675483494997, -1450053.978408935014158 ], [ 8151884.745003571733832, -1444345.708291590912268 ], [ 7735156.17094639968127, -471903.169437692966312 ], [ 7603182.910170833580196, -398008.895129422424361 ], [ 7541260.089425670914352, -121779.45714536527521 ], [ 7478437.336531508713961, 179319.113218893966405 ], [ 7624189.872162811458111, 332599.027925815898925 ], [ 7926345.482552298344672, 625261.978546155616641 ], [ 8171655.091707206331193, 631060.319355261744931 ], [ 8061488.955419791862369, 985002.786677825264633 ], [ 8517377.100465644150972, 1258535.673705336637795 ], [ 8565855.296528043225408, 1224907.320855265948921 ], [ 8738489.545176841318607, 1345711.659296446479857 ], [ 8990535.966198638081551, 1293529.655764198163524 ], [ 9009236.9419064540416, 1392021.461158693302423 ], [ 9124488.648503750562668, 1668649.258754249662161 ], [ 9344308.165223190560937, 1764487.95118388091214 ], [ 9488176.555391108617187, 1965089.138026960659772 ], [ 9524222.682107280939817, 2352325.857370731886476 ], [ 9399006.627313513308764, 2219306.947319453582168 ], [ 9227523.101605609059334, 2177198.289264666382223 ], [ 9146742.39181686937809, 1906269.062851802445948 ], [ 9012977.13704801723361, 1667549.169920509215444 ], [ 8863863.726608930155635, 1523127.634547837777063 ], [ 8864261.800349518656731, 1456535.48265384696424 ], [ 8377966.463201106525958, 1488448.614154211478308 ], [ 8342268.000537684187293, 1592395.214492100290954 ], [ 8428067.235294044017792, 1648213.618389114271849 ], [ 8420724.230200430378318, 1871878.851364615373313 ], [ 8420519.913463888689876, 1918439.859158996026963 ], [ 8563399.62093467079103, 2085042.021634739823639 ], [ 8557141.108860149979591, 2243585.683032103814185 ], [ 8713728.00145573541522, 2342788.955799634102732 ], [ 8237816.691680219955742, 2833762.275690565817058 ], [ 7883197.857962490990758, 2663648.985442371107638 ], [ 7534353.324416733346879, 2136320.294329753145576 ], [ 7251151.59572319407016, 2296389.026185907423496 ], [ 7050348.495530663058162, 2790307.383746440056711 ], [ 6634088.945025174878538, 3328997.37341622216627 ], [ 6298127.061775318346918, 3494780.74344828678295 ], [ 5869568.345930603332818, 3561871.778066473547369 ], [ 5540522.587072099559009, 3383463.507272948510945 ], [ 5321497.8699806695804, 2985915.386111251544207 ], [ 5193222.017457935959101, 2987551.023037976119667 ], [ 4989259.398943381384015, 3123444.416873011738062 ], [ 5037746.214796408079565, 2977479.792555514723063 ], [ 5149106.953636285848916, 2862308.456957309972495 ], [ 5008131.660268042236567, 2648977.213081797584891 ], [ 4687474.566485808230937, 2807800.060590232722461 ], [ 4666752.48214799258858, 2911758.529012178536505 ], [ 4825310.295057060196996, 2977427.202215378638357 ], [ 4581312.50429546367377, 3157627.477888820692897 ], [ 4607799.515973418951035, 3275027.969578057061881 ], [ 4732681.781659591943026, 3327754.146705358754843 ], [ 4696385.869148518890142, 3461221.573524549603462 ], [ 4695545.211970340460539, 3498748.71122980536893 ], [ 4956440.207893465645611, 3660667.416795997414738 ], [ 4790665.973816219717264, 3838719.17137905349955 ], [ 4591336.974372469820082, 3751197.485054569784552 ], [ 4515776.544600419700146, 3551029.328416064381599 ], [ 4470824.50111495424062, 3431946.261938483919948 ], [ 4219005.770905530080199, 3496035.263095387257636 ], [ 4034577.145521346945316, 3465370.366560582537204 ], [ 3913934.239435431081802, 3478683.204237060621381 ], [ 3806466.951887393835932, 3605439.989692031405866 ], [ 3668711.786431273445487, 3647010.115664716344327 ], [ 2980719.256940055638552, 3525699.247799273114651 ], [ 2699737.257867210078984, 3313819.872109375428408 ], [ 2586333.722185193561018, 3154000.76382553530857 ], [ 2602596.641830180771649, 3061364.703948559705168 ], [ 2715867.542326316703111, 3024611.911766302771866 ], [ 2659514.559623887762427, 2753155.470699725672603 ], [ 2050997.546810829080641, 2709935.376473398413509 ], [ 1455121.528473328566179, 3014654.61952849663794 ], [ 1234842.664078340632841, 2891118.443837573286146 ], [ 1114552.764130480587482, 2919113.367936015594751 ], [ 1098601.671663460321724, 3011647.604497319087386 ], [ 1307133.6077776751481, 3304051.565959557890892 ], [ 1346920.471504891989753, 3308092.995229405350983 ], [ 1562621.990761219291016, 3487540.938326172996312 ], [ 1686348.059156686998904, 3936178.771096662152559 ], [ 1084416.010374782606959, 3579426.046103216707706 ], [ 1078679.786701143020764, 3337866.17373718181625 ], [ 939348.146685520652682, 3201694.336027958896011 ], [ 665115.503479838953353, 3184735.354965343605727 ], [ 570100.688362943590619, 3249471.701154140755534 ], [ 187356.484302876488073, 3042457.213760472368449 ], [ 108844.158472144728876, 2867032.175292070023715 ], [ -48232.243070778662513, 2679762.408881876152009 ], [ -342571.625855160818901, 2801763.124532890506089 ], [ -440442.703842088987585, 2636757.62105459254235 ], [ 105917.492847093351884, 2294141.506938052829355 ], [ 106031.518214701325633, 2294082.690974317491055 ], [ 106259.512466660511564, 2294014.461016900837421 ], [ 727902.65642668842338, 2175195.112684395629913 ], [ 771610.797551104100421, 2009170.865505166351795 ], [ 1003011.570828384021297, 1893585.023626107722521 ], [ 1041575.867468986776657, 1718505.670875786570832 ], [ 1133821.169196614297107, 1645105.870601280825213 ], [ 1130258.356327306246385, 1550385.838384254835546 ], [ 1182309.280758559703827, 1528368.11354243545793 ], [ 1386113.580744280479848, 1564224.422889959067106 ], [ 1611804.634941841708496, 1358973.189403955359012 ], [ 1473647.525464120320976, 1177356.81586830271408 ], [ 1521203.261810610769317, 1041636.592450160649605 ], [ 1620596.552960033062845, 1026503.814627938554622 ], [ 1676415.380842568119988, 699367.764039492118172 ], [ 1435639.114667984424159, 572199.918050654465333 ], [ 1399085.780336781172082, 443659.707394781755283 ], [ 1040160.031325274496339, 136476.610289770906093 ], [ 1000699.482702904264443, 38133.202338743038126 ], [ 1171584.28876182786189, 86249.48421673210396 ], [ 1376029.611808150773868, 307641.110953973315191 ], [ 1492860.23691717046313, 287717.708345223567449 ], [ 1929638.612141465069726, -376654.20430633565411 ], [ 1758300.627472860971466, -620910.937070724437945 ], [ 2168006.780290524940938, -933103.910252567962743 ], [ 1923114.306004218989983, -1134330.716220922302455 ], [ 2014931.92103497707285, -1232805.561354100005701 ], [ 1863235.823179032886401, -1703704.92316395114176 ], [ 1693245.783099429449067, -1745902.218189972918481 ], [ 1826365.791054420638829, -1913344.824739608680829 ], [ 1733181.296591689810157, -1931504.0136016625911 ], [ 1752651.199777284171432, -2048323.43271522782743 ], [ 1842381.93240175396204, -2136841.587871799711138 ], [ 1762351.819520469987765, -2219296.855688880197704 ], [ 1692022.326382372062653, -2232635.207835760898888 ], [ 1713848.72080454044044, -2298114.391102265566587 ], [ 1671408.509428102057427, -2362380.996900872793049 ], [ 1622905.410712172277272, -2369656.46170826209709 ], [ 1490734.46671126387082, -2193832.728863016702235 ], [ 1484671.579371772706509, -2134416.432936003431678 ], [ 1633818.607923256233335, -2071362.404605294577777 ], [ 1667406.967897995607927, -1907899.052728230133653 ], [ 1599073.814624475082383, -1879426.90553092979826 ], [ 1164615.215116234030575, -1933419.269570015370846 ], [ 1179998.101051989942789, -1966471.630091874394566 ], [ 1164662.90478559047915, -1933521.737738298019394 ], [ 1123822.794335387181491, -1925097.320336013799533 ], [ 1117771.838359689107165, -1896118.188205873128027 ], [ 897705.979053965187632, -1938595.676900135353208 ], [ 604651.169277593493462, -2324119.200211547315121 ], [ 616017.932261005742475, -2374369.939539895858616 ], [ 395573.083167286822572, -2994075.276885812636465 ], [ 301914.753719855274539, -3096964.176119452808052 ], [ 351432.173014868341852, -3460068.837671625427902 ], [ 447237.768796442542225, -3520393.443874803371727 ], [ 692678.983361368998885, -3373412.676581691484898 ], [ 686034.058660000562668, -3111607.088902000337839 ], [ 692678.983361368998885, -3373412.676581691019237 ], [ 847982.678135541733354, -3679477.261564671061933 ], [ 924240.662056746543385, -3713516.553617487661541 ], [ 1011927.18296953686513, -3607128.261098922695965 ], [ 1004327.734039058210328, -3264842.352492176461965 ], [ 1070542.132211739663035, -3190633.516154550015926 ], [ 915511.112727734143846, -3068644.88503022538498 ], [ 996536.229614976677112, -2544293.51989793498069 ], [ 1098623.189635798567906, -2466747.609242089092731 ], [ 1098623.189635798800737, -2466747.609242089558393 ], [ 1151056.922995844623074, -2452129.393265104386955 ], [ 1179532.436293066013604, -2537281.514159568119794 ], [ 1118893.99097181065008, -2837664.238423128612339 ], [ 1206453.323626709636301, -3037299.382840786594898 ], [ 1299123.883136832388118, -3068950.002456405665725 ], [ 1559987.176894881762564, -2862034.578423807863146 ], [ 1606285.74197146249935, -3006848.076030677650124 ], [ 1331340.017788025550544, -3208101.195506443269551 ], [ 1356027.837008958449587, -3249306.148736948613077 ], [ 1442975.055161015829071, -3216187.524305311497301 ], [ 1492512.229427168611437, -3256443.711649026256055 ], [ 1496258.340702009154484, -3323776.52621949557215 ], [ 1496030.717710441444069, -3324526.898660891223699 ], [ 1495661.078029606491327, -3325218.445863509550691 ], [ 1438756.109135668957606, -3354163.444491313304752 ], [ 1383963.798337521729991, -3356751.019921356812119 ], [ 1386907.682617536745965, -3461809.618046663235873 ], [ 1394676.78319578897208, -3601987.948277000337839 ], [ 1394705.704558164114133, -3716684.36335273552686 ], [ 1213123.719245772110298, -3762938.635731146205217 ], [ 1019439.974663475062698, -3961941.049532445613295 ], [ 924416.768120469758287, -3871469.047681937459856 ], [ 775762.440306381322443, -3943088.990035492461175 ], [ 648355.022427772521041, -3884269.815649193245918 ], [ 648355.022427772753872, -3884269.815649193245918 ], [ 665396.273798204609193, -3852398.967809836845845 ], [ 807527.791741897468455, -3812731.340798513032496 ], [ 802123.487612753291614, -3722283.85386137617752 ], [ 725968.0719066883903, -3722142.932938067242503 ], [ 618453.154538876144215, -3585335.988212183583528 ], [ 558544.854800553526729, -3639925.930836024694145 ], [ 592860.29037187830545, -3888908.244888629764318 ], [ 632200.478355930186808, -4005410.358768990263343 ], [ 510216.631995046278462, -4058678.676183620002121 ], [ 415228.370174835668877, -4091567.03143083723262 ], [ 320639.591233935556374, -4199380.504223615862429 ], [ 300799.853961963905022, -4238808.171076165512204 ], [ 256925.160489998757839, -4272396.974561530165374 ], [ 252000.012098614824936, -4298973.728558690287173 ], [ 218441.43358182333759, -4315867.24200445227325 ], [ 191823.010782914294396, -4334955.273117560893297 ], [ 127454.070852967706742, -4357151.459300301037729 ], [ 120795.21499814564595, -4430768.81013972312212 ], [ 96037.24239327016403, -4455385.069427456706762 ], [ -39782.3583678388095, -4531783.594855581410229 ], [ -89965.460206156596541, -4474220.625099863857031 ], [ -176091.974078012048267, -4493126.445218075998127 ], [ -137402.824207357567502, -4566987.549516597762704 ], [ -146293.381240509974305, -4611091.972804521210492 ], [ -374326.567318203859031, -4594200.625687655061483 ], [ -377572.092136333230883, -4675338.746140885166824 ], [ -199068.227139227325097, -4749985.816957856528461 ], [ -100249.108571369200945, -4887920.836625492200255 ], [ -71722.96903127936821, -4973176.885169365443289 ], [ -116370.921906730916817, -5218693.297958126291633 ], [ -783772.510245538898744, -5155619.693219505250454 ], [ -800930.936505700228736, -5308955.181657523848116 ], [ -824415.624148069648072, -5493686.933467491529882 ], [ -915726.227383503457531, -5625903.596610747277737 ], [ -880134.489499075571075, -5731660.988182779401541 ], [ -888044.29901081265416, -5764625.484900321811438 ], [ -882093.843091453658417, -5793149.764609946869314 ], [ -740542.338323179050349, -5811058.322671349160373 ], [ -693137.682567781768739, -5825893.468431834131479 ], [ -608136.111919035436586, -5953099.810533218085766 ], [ -218127.306882881210186, -5880748.627285707741976 ], [ -22817.922276394969231, -5714009.097344280220568 ], [ -46107.671862366245477, -5623593.413016447797418 ], [ 54361.398580733737617, -5456347.300387910567224 ], [ 250589.33929759694729, -5350102.718432319350541 ], [ 260195.830476746778004, -5307015.668338989838958 ], [ 311011.612244606250897, -5173554.709914203733206 ], [ 580872.151863128878176, -5181612.9534214977175 ], [ 672011.080585399293341, -5104055.468530625104904 ], [ 788662.687652712920681, -5004399.53662081528455 ], [ 921993.984916437766515, -5044189.421824121847749 ], [ 958198.534369870787486, -5181522.73124822974205 ], [ 1000100.96882627136074, -5182425.225484787486494 ], [ 1056477.872269119368866, -5208093.622618086636066 ], [ 1056569.278684849618003, -5208122.215968157164752 ], [ 1056626.47262246767059, -5208152.78676472324878 ], [ 1056756.395313060609624, -5208196.931685619056225 ], [ 1431366.583155307220295, -5308806.820774254389107 ], [ 1581430.390773533377796, -5419307.14868891518563 ], [ 1558543.885164103470743, -5547621.759814121760428 ], [ 1573819.561489775776863, -5575843.089603345841169 ], [ 1641642.111524441977963, -5401816.856999780982733 ], [ 1575368.00645060907118, -5323144.574751951731741 ], [ 1588076.13332915562205, -5283431.199195225723088 ], [ 1673074.791904567740858, -5259359.923752337694168 ], [ 1286459.674949070904404, -5159234.190785458311439 ], [ 1070112.591002749511972, -4984702.778701112605631 ], [ 1056359.329678154550493, -4828958.677252518944442 ], [ 1151437.012810279848054, -4783451.591872155666351 ], [ 1191422.246006504865363, -4831254.704469904303551 ], [ 1211071.44616038678214, -4887552.056885360740125 ], [ 1266122.060521007282659, -4858968.084044269286096 ], [ 1345521.985079594654962, -4938368.008602856658399 ], [ 1492676.511928176507354, -4998711.951267383061349 ], [ 1549260.238790807547048, -4987383.260506000369787 ], [ 1549345.950656499015167, -4987444.885747998952866 ], [ 1667626.879189664730802, -5010019.077201692387462 ], [ 1761100.621775050414726, -5024092.633923032321036 ], [ 1935451.923956184182316, -5237267.829556248150766 ], [ 2200394.506160384044051, -5494167.480512966401875 ], [ 2327046.90704225609079, -5505920.534929119050503 ], [ 2305628.658553725108504, -5320559.502341921441257 ], [ 2408327.850079174153507, -5269891.952261056751013 ], [ 2186011.971752934157848, -5198509.563526556827128 ], [ 2215113.730205974541605, -5155766.355798652395606 ], [ 2133469.422500432468951, -5120781.567335433326662 ], [ 2158007.0017733220011, -5090530.044594601728022 ], [ 2244650.706353345420212, -5112441.260030413977802 ], [ 2327434.385454123839736, -4941014.672754808329046 ], [ 2412628.179151933640242, -4915186.248210837133229 ], [ 2460155.249029462225735, -4956336.4257877394557 ], [ 2538699.347002287395298, -4840390.37639928329736 ], [ 2640931.347538345493376, -4776807.058992709964514 ], [ 2634697.688969073817134, -4743145.302718642167747 ], [ 2479748.001298310235143, -4755277.296089164912701 ], [ 2406939.820378750562668, -4775552.401402000337839 ], [ 2479748.001298309769481, -4755277.296089164912701 ], [ 2424988.204787379596382, -4657322.63213946018368 ], [ 2433755.520507290028036, -4547955.378091825172305 ], [ 2448910.035222500562668, -4313819.002964500337839 ], [ 2509628.724876616615802, -4134687.673225669190288 ], [ 2842094.28817794052884, -4189175.011428658850491 ], [ 3003000.349796673748642, -4037542.871236592996866 ], [ 2976350.16901972796768, -3976010.10511682741344 ], [ 2820110.198952667415142, -4061231.906971586868167 ], [ 2781512.59177306201309, -3986126.626598839182407 ], [ 2942725.953191250562668, -3719221.834995750337839 ], [ 3048515.880018827971071, -3834944.816471229773015 ], [ 3026389.752135367132723, -3977276.213827116880566 ], [ 3404373.547829088754952, -3933822.954336494673043 ], [ 3609815.893075174186379, -4011541.401815543882549 ], [ 3409466.267815128900111, -4302036.581669887527823 ], [ 3031158.373974761925638, -4414008.130261090584099 ], [ 2657138.859818452503532, -4736911.644149370491505 ], [ 2675839.835526267997921, -4809222.083552923984826 ], [ 2575493.797373470850289, -4907550.273484885692596 ], [ 2503743.415617740247399, -4925913.942221531644464 ], [ 2473321.455849314108491, -4968089.840991393662989 ], [ 2705997.043647938873619, -5267880.772202476859093 ], [ 2859525.869925406761467, -5177209.859392447397113 ], [ 2962763.067755281925201, -5205635.351964170113206 ], [ 3029874.812151960097253, -5056630.815025318413973 ], [ 3212718.9684560704045, -5042787.306072609499097 ], [ 3437504.265452920924872, -4826047.707190943881869 ], [ 3525601.064696323126554, -4878741.119822511449456 ], [ 3612656.257706138305366, -4987524.785715566016734 ], [ 3647615.799392058048397, -5189705.75023203715682 ], [ 3677512.522471865639091, -5415727.337095500901341 ], [ 3373610.627381024882197, -5591379.506078451871872 ], [ 3213250.070097418967634, -5781731.821993062272668 ], [ 2757099.688472041394562, -5883827.037909852340817 ], [ 2300911.913836845196784, -5969867.258404004387558 ], [ 2223837.1856036670506, -6064953.997996488586068 ], [ 2212367.891708856914192, -6278808.677246656268835 ], [ 1784238.947233601706102, -6313825.507834625430405 ], [ 1651782.75718218786642, -6204587.785375905223191 ], [ 1272650.003181318519637, -6235746.404906605370343 ], [ 1127035.280683462740853, -6108516.41331354342401 ], [ 1098340.009307852480561, -5834950.958322945050895 ], [ 872080.114978124154732, -5869841.178724037483335 ], [ 122710.468660329526756, -5985440.792687509208918 ], [ -195521.117121249437332, -6156592.440464500337839 ], [ -520784.794455440947786, -6079078.468574088998139 ], [ -566353.890653831069358, -6022462.318751846440136 ], [ -616065.631961165810935, -6025224.08215780928731 ], [ -713735.323024788987823, -6200311.814248708076775 ], [ -974925.537466975511052, -6304896.095558230765164 ], [ -1243681.583205755334347, -6710612.969586405903101 ], [ -1494360.343050287105143, -6774020.651334077119827 ], [ -1044346.800714999437332, -6841987.948277000337839 ], [ -1494360.343050287337974, -6774020.651334077119827 ], [ -1933426.776605535065755, -6969747.166997170075774 ], [ -2188458.172424880322069, -7281381.431005237624049 ], [ -2186215.455095325130969, -7350544.494273588061333 ], [ -2186215.455095324665308, -7350544.494273588061333 ], [ -2181165.603786712978035, -7710083.400295370258391 ], [ -2337362.076701929327101, -7876095.553158241324127 ], [ -2452217.50312285637483, -7998578.851590570993721 ] ], [ [ 5526157.055628198198974, -4526084.841125457547605 ], [ 5491034.535849081352353, -4489317.240660284645855 ], [ 5469638.028445356525481, -4518834.354557735845447 ], [ 5488945.211600028909743, -4546561.489853928796947 ], [ 5526157.055628198198974, -4526084.841125457547605 ] ], [ [ 1374807.003047782694921, -510217.052604487689678 ], [ 1328572.291012251283973, -556780.926397744100541 ], [ 1347044.035237841540948, -683004.511939275311306 ], [ 1337858.213059409754351, -763789.523524978198111 ], [ 1474001.149981022346765, -1076614.818379962816834 ], [ 1601349.103408832801506, -1296666.50265022716485 ], [ 1780812.717341666575521, -1284022.306476718513295 ], [ 1839200.994606684427708, -1169604.690360238077119 ], [ 1781002.453525078948587, -1148163.122593331150711 ], [ 1683463.423762737307698, -1153277.504489662591368 ], [ 1594465.411749457940459, -1082202.298708284273744 ], [ 1480499.616467494983226, -851128.27671175415162 ], [ 1427385.627021402819082, -565578.853538888390176 ], [ 1374807.003047782694921, -510217.052604487689678 ] ], [ [ 888412.014744534040801, -729823.319647004944272 ], [ 958447.677965386305004, -551185.158823929377832 ], [ 926916.871686120284721, -516787.915610184893012 ], [ 808475.133543879026547, -487177.481074624694884 ], [ 826633.564886649488471, -598684.398032707045786 ], [ 786937.953196167480201, -689848.68934007268399 ], [ 888412.014744534040801, -729823.319647004944272 ] ], [ [ 2401949.900983972940594, 3216139.867244872264564 ], [ 2402031.053190060891211, 3161597.284108001738787 ], [ 2455580.953587276861072, 3142124.593054468743503 ], [ 2838490.649156220257282, 3570662.359476183541119 ], [ 2997398.938216736074537, 3861277.187836566008627 ], [ 2908942.087764547206461, 3895451.117048193700612 ], [ 2785038.793102926574647, 3722786.25983675988391 ], [ 2618370.204088747501373, 3639228.452160518616438 ], [ 2528386.520329976920038, 3358894.668142809066921 ], [ 2401949.900983972940594, 3216139.867244872264564 ] ], [ [ 6184189.258775467053056, 3718285.453029488679022 ], [ 6481302.947132909670472, 3718312.476525481324643 ], [ 6515238.039476609788835, 3752558.147455531172454 ], [ 6503638.52776959631592, 3911991.843173548113555 ], [ 6115981.067709567025304, 3843333.803316973615438 ], [ 6184189.258775467053056, 3718285.453029488679022 ] ], [ [ 3226636.63394959596917, 4073217.349900055676699 ], [ 3297675.335763392038643, 4080170.08409994514659 ], [ 3297742.600736876018345, 4135462.760321640409529 ], [ 3204916.611157848965377, 4242449.996243306435645 ], [ 2978046.342812194023281, 4206089.509453795850277 ], [ 3082948.0738675147295, 3932156.062809052411467 ], [ 3226636.63394959596917, 4073217.349900055676699 ] ], [ [ 4245348.462170048616827, 4345073.395156297832727 ], [ 4446272.214794860221446, 4171950.602681423537433 ], [ 4899757.058111923746765, 4065044.552325185853988 ], [ 4987250.904283952899277, 4304470.153962399810553 ], [ 4725176.426907425746322, 4228489.846149726770818 ], [ 4686296.286553123965859, 4322814.39745637960732 ], [ 4422806.607662614434958, 4404191.307549132034183 ], [ 4391832.628627150319517, 4491079.102172832936049 ], [ 4199439.033932289108634, 4475368.710820361971855 ], [ 3916453.975048373453319, 4685675.741476954892278 ], [ 3484826.102884767577052, 4416091.528254642151296 ], [ 3462193.523909538052976, 4216386.803999089635909 ], [ 3757689.704680813010782, 4411131.631096024997532 ], [ 3853288.817976375576109, 4349890.104057373479009 ], [ 3976553.011476378887892, 4402145.102744024246931 ], [ 4018876.531501535791904, 4312685.191229693591595 ], [ 4245348.462170048616827, 4345073.395156297832727 ] ], [ [ 6939662.296908204443753, 4376697.184126052074134 ], [ 6823398.093618785962462, 4357003.136960889212787 ], [ 6720795.120674456469715, 4242700.686800271272659 ], [ 6823223.902408894151449, 4037843.123331397306174 ], [ 7143030.051731675863266, 4049236.673871102277189 ], [ 7241371.371660961769521, 4194674.353903314098716 ], [ 7281266.786504302173853, 4361736.403559800237417 ], [ 7198982.49338991381228, 4463968.404095858335495 ], [ 7139139.371124903671443, 4628536.990324635058641 ], [ 7153974.248815818689764, 4813555.589740755036473 ], [ 7070569.126862913370132, 4821780.405972061678767 ], [ 7031920.443733427673578, 4735755.917716110125184 ], [ 7079296.248859893530607, 4556226.55092108156532 ], [ 7144126.297980321571231, 4457734.745526586659253 ], [ 7132905.712555631995201, 4374203.720698343589902 ], [ 6939662.296908204443753, 4376697.184126052074134 ] ], [ [ 6589509.256136218085885, 8783846.09363335557282 ], [ 6448252.362485190853477, 8745507.422916248440742 ], [ 6068586.342140906490386, 9025598.333572681993246 ], [ 5910716.153388254344463, 9377314.061789721250534 ], [ 5487881.360778328031301, 9723390.714383713901043 ], [ 5401803.203645696863532, 9650160.231813324615359 ], [ 5777175.336522750556469, 9365145.367973895743489 ], [ 5841660.339076222851872, 9051237.354857048019767 ], [ 5682925.160780491307378, 9019493.870149349793792 ], [ 5939361.04941685590893, 8783089.458658112213016 ], [ 5892447.771582050248981, 8706408.99627130664885 ], [ 6496201.379221871495247, 8003596.099630484357476 ], [ 6896246.461003750562668, 8521510.586879249662161 ], [ 6589509.256136218085885, 8783846.09363335557282 ] ], [ [ 6496201.379221871495247, 8003596.099630483426154 ], [ 6862412.124089115299284, 7536057.000756581313908 ], [ 6990645.951250328682363, 7481714.257074211724102 ], [ 7030955.812508754432201, 7237189.156845995225012 ], [ 7158438.560457856394351, 7433824.801334131509066 ], [ 7381824.464783353731036, 7159912.068541211076081 ], [ 7291917.781474890187383, 6997757.05008465051651 ], [ 7624380.344267052598298, 6560032.721577781252563 ], [ 7639752.696280007250607, 6684317.280375232920051 ], [ 7573831.837606584653258, 6847221.66918658092618 ], [ 7646469.634436153806746, 6924980.407410479150712 ], [ 7638244.351309655234218, 7128421.099995397031307 ], [ 7585576.429676491767168, 7200715.308699487708509 ], [ 7486345.436703475192189, 7190569.892649903893471 ], [ 7057180.960765142925084, 7908027.447767315432429 ], [ 7144228.021382978186011, 8121396.910440375097096 ], [ 7272180.611589047126472, 8096497.961751292459667 ], [ 6992110.527574644424021, 8318722.886455041356385 ], [ 6896246.461003750562668, 8521510.586879249662161 ], [ 6496201.379221871495247, 8003596.099630483426154 ] ], [ [ 5430299.217092586681247, 9043456.030341390520334 ], [ 5486008.075332039035857, 9092201.281300911679864 ], [ 5050542.208254567347467, 9387352.116750346496701 ], [ 4784295.180522037670016, 9408371.618939757347107 ], [ 4699841.778016243129969, 9303143.509627120569348 ], [ 4846930.103255717083812, 9232974.095717638731003 ], [ 5007904.428857114166021, 9282065.895820219069719 ], [ 5430299.217092586681247, 9043456.030341390520334 ] ], [ [ -149549.416422091890126, 11823263.801544116809964 ], [ -133882.551853430457413, 11711147.76611097343266 ], [ 211179.017863600078272, 11759269.468326922506094 ], [ 178823.349376223632134, 11815254.709695378318429 ], [ -149549.416422091890126, 11823263.801544116809964 ] ], [ [ 598933.219181447289884, 12013239.573931148275733 ], [ 358534.531751253758557, 12045292.732255173847079 ], [ 246260.217114506784128, 12013274.197275005280972 ], [ 295644.203537277062424, 11916552.135035181418061 ], [ 470939.796166159561835, 11876865.116636078804731 ], [ 607182.379906134330668, 11965259.557146655395627 ], [ 598933.219181447289884, 12013239.573931148275733 ] ], [ [ 1253938.639668821590021, 13987801.537698194384575 ], [ 1305770.832310224417597, 13884587.093857407569885 ], [ 1605720.881046899361536, 13737944.847808364778757 ], [ 1639190.076255560154095, 13824777.975336579605937 ], [ 1268084.493081568973139, 14112704.720902606844902 ], [ 1492125.611853184644133, 14272216.580899560824037 ], [ 1223819.21508184983395, 14403896.696139626204967 ], [ 1339371.536417554831132, 14497972.380244398489594 ], [ 1088321.88911865116097, 14562936.223303589969873 ], [ 734936.654697451042011, 14305837.681967979297042 ], [ 423480.65673622849863, 14232140.042295971885324 ], [ 416401.395973397768103, 14173016.325951348990202 ], [ 966004.22085289855022, 14163838.342624649405479 ], [ 1158387.372981308959424, 13938361.294724939391017 ], [ 1253938.639668821590021, 13987801.537698194384575 ] ], [ [ 1858524.351286394055933, 14735531.919730992987752 ], [ 1492661.614484861958772, 14551605.570824217051268 ], [ 1492267.016185344662517, 14509217.053268982097507 ], [ 1949301.407431800151244, 14406666.825783733278513 ], [ 2306748.318592049647123, 14580438.225505754351616 ], [ 3486288.269277176819742, 14673537.912962134927511 ], [ 3484865.256544360890985, 14696229.570073448121548 ], [ 3017442.360483859665692, 14830286.889031710103154 ], [ 2443003.427294295281172, 14863303.33022884465754 ], [ 2233532.306716877501458, 14713523.186821952462196 ], [ 1858524.351286394055933, 14735531.919730992987752 ] ], [ [ 9300206.171182006597519, -8515666.633081564679742 ], [ 8961681.55587213113904, -7585291.061746254563332 ], [ 9019831.312575601041317, -7487424.597230891697109 ], [ 8609783.369967700913548, -7411272.757921009324491 ], [ 8581690.230349639430642, -7874595.896813898347318 ], [ 8512377.153336182236671, -8128994.783024137839675 ], [ 8307749.849805044010282, -8424786.606520669534802 ], [ 8320489.077657379209995, -8598387.352934960275888 ], [ 8571545.697929732501507, -8721419.991699708625674 ], [ 8543836.426307046785951, -9056736.725328758358955 ], [ 8877323.88307573273778, -9146434.869254106655717 ], [ 9126486.970882441848516, -8989386.028213132172823 ], [ 9315030.502962041646242, -8705922.182527864351869 ], [ 9300206.171182006597519, -8515666.633081564679742 ] ], [ [ 10320075.010330663993955, -6508657.337695827707648 ], [ 10298938.769241355359554, -6523754.652759620919824 ], [ 10275329.995210520923138, -6586800.479910626076162 ], [ 10289714.681752625852823, -6618977.015941518358886 ], [ 10359720.037171002477407, -6622231.609955717809498 ], [ 10389174.697803189978004, -6604795.192944461479783 ], [ 10369611.266182890161872, -6532048.285270072519779 ], [ 10320075.010330663993955, -6508657.337695827707648 ] ], [ [ 8856669.321205193176866, -1466367.396337800193578 ], [ 8820851.294338660314679, -1535825.778231112053618 ], [ 9102087.445052253082395, -1608223.058844589162618 ], [ 9200814.959086701273918, -1551512.13678858964704 ], [ 9157309.609105432406068, -1341525.091192004270852 ], [ 8856669.321205193176866, -1466367.396337800193578 ] ], [ [ 9639439.820958606898785, 1283116.897371407598257 ], [ 9668111.816952306777239, 1493047.998701713047922 ], [ 9791516.194754717871547, 1574662.503357873763889 ], [ 9879332.649756360799074, 1717009.405720152659342 ], [ 9879353.882210722193122, 1717116.148476474219933 ], [ 9884689.006591375917196, 1726824.919223221950233 ], [ 9884796.806864071637392, 1726968.185085261473432 ], [ 10269144.892645295709372, 2656406.058307502418756 ], [ 10153543.584892826154828, 2883208.695780984591693 ], [ 9960779.189320696517825, 2834474.753567107021809 ], [ 9895898.496804498136044, 2947550.69119167746976 ], [ 9811237.291766421869397, 2798377.058201459236443 ], [ 9891745.404899738729, 2655509.721137084066868 ], [ 9560218.686715591698885, 1964515.814874426927418 ], [ 9598932.96993294544518, 1747120.224500058218837 ], [ 9376720.170667879283428, 1249530.592159152030945 ], [ 9393571.659263832494617, 943168.402684071450494 ], [ 9585919.756936488673091, 1281847.019597404170781 ], [ 9639439.820958606898785, 1283116.897371407598257 ] ], [ [ 9564957.080280566588044, 2427871.599401053506881 ], [ 9575536.807439533993602, 2401863.103468591347337 ], [ 9597449.989521585404873, 2395857.550354421604425 ], [ 9618798.578049506992102, 2413469.252385950181633 ], [ 9610406.72543359734118, 2477459.67944098636508 ], [ 9560374.143274227157235, 2486581.183566848281771 ], [ 9555081.647392023354769, 2462764.95209693023935 ], [ 9564877.136375363916159, 2428100.874532683752477 ], [ 9564957.080280566588044, 2427871.599401053506881 ] ], [ [ 7354347.322786975651979, 2627556.109881870448589 ], [ 7434432.857174566946924, 2546923.292069558985531 ], [ 7505610.691008725203574, 2558085.185903992969543 ], [ 7529197.371723126620054, 2604050.605299658607692 ], [ 7422694.216856079176068, 2747467.176653220783919 ], [ 7304103.353533511981368, 2753848.497365528717637 ], [ 7301952.880707230418921, 2711259.433059729170054 ], [ 7354347.322786975651979, 2627556.109881870448589 ] ], [ [ 10198401.850440574809909, 3513779.609421376604587 ], [ 10271371.905343569815159, 2953346.633396600373089 ], [ 10330268.334232004359365, 2890524.103412030264735 ], [ 10317302.767809065058827, 3310950.891374097205698 ], [ 9933182.100799145177007, 4499283.828890096396208 ], [ 9847094.766574822366238, 4358586.449969328008592 ], [ 10198401.850440574809909, 3513779.609421376604587 ] ], [ [ 8491586.462642347440124, 4395133.623016643337905 ], [ 8464415.182952096685767, 4372956.988984488882124 ], [ 8212079.137427399866283, 4558932.338485508225858 ], [ 8221841.796070635318756, 4190218.932709892746061 ], [ 8659824.586471293121576, 3981244.033345624338835 ], [ 8669425.812909612432122, 3884069.722156723029912 ], [ 8880602.699567625299096, 3782641.46450581587851 ], [ 9008856.561964552849531, 3561839.513425840530545 ], [ 9045920.854393165558577, 3552634.60225087730214 ], [ 9237974.18123946711421, 3260366.837935010902584 ], [ 9340807.999800194054842, 3209804.631748365238309 ], [ 9647928.7293796017766, 3576535.637845814693719 ], [ 9318567.35759973526001, 4583523.293624461628497 ], [ 9110637.629201551899314, 4510717.254862044006586 ], [ 8903822.788775416091084, 4636889.83662692643702 ], [ 8808230.143079895526171, 4576964.982288048602641 ], [ 8664845.138168161734939, 4722667.317995999008417 ], [ 8641317.386774808168411, 4578278.166024214588106 ], [ 8491586.462642347440124, 4395133.623016643337905 ] ], [ [ 7549314.104982990771532, 4901571.235658741556108 ], [ 7360100.586039303801954, 4916236.967654730193317 ], [ 7314060.789306406863034, 4733795.599783623591065 ], [ 7374771.665043379180133, 4594875.234050567261875 ], [ 7507661.605950721539557, 4608127.607598315924406 ], [ 7490717.714431835338473, 4776898.064273305237293 ], [ 7549314.104982990771532, 4901571.235658741556108 ] ], [ [ 9698822.990357711911201, 5246975.514153424650431 ], [ 9630656.193292275071144, 5190067.261524481698871 ], [ 9767455.030476087704301, 4813724.096765810623765 ], [ 9892932.697597386315465, 4631121.504916620440781 ], [ 9870136.708834640681744, 4790952.593841600231826 ], [ 9698822.990357711911201, 5246975.514153424650431 ] ], [ [ 7206077.922860370948911, 4914205.421600784175098 ], [ 7263812.542510339990258, 5115537.344737225212157 ], [ 7120796.585001267492771, 5136386.899312405847013 ], [ 7020274.94325833581388, 4894410.59476653020829 ], [ 7111711.273420107550919, 4877883.333095508627594 ], [ 7206077.922860370948911, 4914205.421600784175098 ] ], [ [ 7701771.778065082617104, 5364568.587421850301325 ], [ 7553307.437070191837847, 5532455.687767561525106 ], [ 7484972.384162123315036, 5532308.135345980525017 ], [ 7416624.198080516420305, 5493453.256545413285494 ], [ 7265452.857442611828446, 5291743.363887926563621 ], [ 7713882.691211767494678, 4906558.162514159455895 ], [ 7751284.642627398483455, 4950193.772499062120914 ], [ 7596689.910109456628561, 5103541.773303149268031 ], [ 7713882.691211767494678, 5190812.993272955529392 ], [ 7701771.778065082617104, 5364568.587421850301325 ] ], [ [ 8434499.204480923712254, 5513783.265611311420798 ], [ 8558096.227008536458015, 5378217.539305578917265 ], [ 8471682.179358690977097, 5265159.682702518068254 ], [ 8278896.926964819431305, 5518240.55517191067338 ], [ 8248939.500967048108578, 5531634.23331640381366 ], [ 8475187.521238178014755, 5097200.302429086528718 ], [ 8634624.354357762262225, 4980105.8401043061167 ], [ 9076332.804096143692732, 5018568.082749250344932 ], [ 9061749.755775662139058, 5178775.8372552851215 ], [ 9227845.38304871506989, 5225222.49009077437222 ], [ 9166152.969574209302664, 5388018.797042247839272 ], [ 8931847.406282255426049, 5208878.049818964675069 ], [ 8820904.877320785075426, 5261325.801527409814298 ], [ 8965896.690884942188859, 5589353.291980641894042 ], [ 8881635.522330915555358, 5742301.85208379663527 ], [ 8773558.291122041642666, 5695645.714640924707055 ], [ 8818528.795221511274576, 5573098.969490930438042 ], [ 8697713.876607121899724, 5373166.461492214351892 ], [ 8467740.06681071780622, 5569888.561273680999875 ], [ 8434499.204480923712254, 5513783.265611311420798 ] ], [ [ 9474551.095729578286409, 5564358.866784766316414 ], [ 9555841.300150560215116, 5393384.371102007105947 ], [ 9637837.303459579125047, 5408480.6915840562433 ], [ 9584940.887499988079071, 5623353.384393071755767 ], [ 9288207.469907328486443, 5954431.018409880809486 ], [ 9276944.056134289130569, 5874627.666846169158816 ], [ 9474551.095729578286409, 5564358.866784766316414 ] ], [ [ 7856834.828027193434536, 6159983.660238166339695 ], [ 7771449.092585057020187, 6226258.735320503823459 ], [ 7640764.640523659996688, 6062213.72345032915473 ], [ 7825958.381937106139958, 6015190.669451201334596 ], [ 7916390.132929479703307, 6091122.838944897055626 ], [ 8000735.01165275182575, 6085229.411277406848967 ], [ 8067416.926660738885403, 6208985.544632530771196 ], [ 8008822.843990799039602, 6270495.928345693275332 ], [ 7942364.471774942241609, 6252776.800269239582121 ], [ 7856834.828027193434536, 6159983.660238166339695 ] ], [ [ 8952658.12700910679996, 6251819.500574420206249 ], [ 9047540.354259395971894, 6154425.953114327974617 ], [ 9119512.462350942194462, 6193666.570097825489938 ], [ 9301017.120366768911481, 6152333.39529347512871 ], [ 9012680.804905120283365, 6326609.573961256071925 ], [ 8952658.12700910679996, 6251819.500574420206249 ] ], [ [ 12183472.02093319222331, 5890924.95752808265388 ], [ 12309780.255016192793846, 5925526.395302636548877 ], [ 12418258.893142653629184, 6044588.315197532996535 ], [ 12395706.765952059999108, 6186165.17805905546993 ], [ 11442086.532433921471238, 7583106.531543398275971 ], [ 10956282.735703399404883, 7967872.935084716416895 ], [ 9784382.247740345075727, 9370186.820607721805573 ], [ 9647936.373280540108681, 9933648.240640269592404 ], [ 9130009.858235342428088, 10051572.836927801370621 ], [ 9042629.406015375629067, 10663236.002467580139637 ], [ 9087012.308598751202226, 10809267.967291690409184 ], [ 8843387.001821892336011, 11144314.908683517947793 ], [ 8480993.376222614198923, 11486999.139792155474424 ], [ 8187152.231466268189251, 11588026.766335919499397 ], [ 7908848.633333399891853, 11896640.542943214997649 ], [ 7086394.712677538394928, 12221701.012226337566972 ], [ 6119067.550355242565274, 11971309.248107017949224 ], [ 5872899.530709176324308, 11759963.421020625159144 ], [ 5878041.9522750582546, 11405845.121535087004304 ], [ 6145155.502806825563312, 11014798.958753390237689 ], [ 6144956.682816895656288, 10882047.157444685697556 ], [ 6314151.600830349139869, 10772477.158767234534025 ], [ 6386325.541815811768174, 10460246.686787465587258 ], [ 6386331.93523218203336, 10460225.876520166173577 ], [ 6386603.12631116900593, 10459801.632350562140346 ], [ 6707487.276344177313149, 10111772.262631053104997 ], [ 6677237.418076162226498, 9578663.911130405962467 ], [ 6872608.059082894586027, 9367977.178885523229837 ], [ 6852170.500029128976166, 8853994.843154666945338 ], [ 7409570.62025797739625, 9261651.783261911943555 ], [ 7680633.901391273364425, 9199166.0623137075454 ], [ 8177030.206823379732668, 8339914.220227234996855 ], [ 7959921.344397969543934, 8233165.511610199697316 ], [ 7822096.046203804202378, 8254500.569643691182137 ], [ 8269832.56581362336874, 7607409.942338540218771 ], [ 8600641.498760543763638, 7338871.094464862719178 ], [ 9025829.227314548566937, 7398692.015014803037047 ], [ 9221492.068589225411415, 6926163.003680831752717 ], [ 9954951.019293772056699, 6433328.170083079487085 ], [ 10488707.82278529368341, 6265496.536512392573059 ], [ 11346050.360785037279129, 5155799.050059786066413 ], [ 11348241.629548933357, 5076891.467126864939928 ], [ 11638191.259437385946512, 5070476.598743968643248 ], [ 11742675.373398719355464, 5153230.195461596362293 ], [ 11803357.031819364055991, 5116031.592321557924151 ], [ 12183472.02093319222331, 5890924.95752808265388 ] ], [ [ 8278894.119970798492432, 12252743.888124916702509 ], [ 7983548.288464070297778, 12436428.053859850391746 ], [ 7983166.053803954273462, 12436504.085060989484191 ], [ 7839135.904174834489822, 12503834.254508776590228 ], [ 7726414.507623449899256, 12467862.045541424304247 ], [ 7687580.136622219346464, 12410176.509938612580299 ], [ 7737286.669816136360168, 12319607.034362640231848 ], [ 8382499.411381473764777, 11935315.99615615606308 ], [ 8278894.119970798492432, 12252743.888124916702509 ] ] ], [ [ [ -5047949.035238625481725, -976186.286813101614825 ], [ -4912704.772385004907846, -1256436.167799218557775 ], [ -5074362.307182150892913, -1218846.353418212616816 ], [ -5142104.663941359147429, -1002715.339321797247976 ], [ -5047949.035238625481725, -976186.286813101614825 ] ] ], [ [ [ -5351123.138273194432259, -624456.998991370666772 ], [ -5308191.160094313323498, -637291.85696321434807 ], [ -5149478.745360494591296, -1000322.39576574950479 ], [ -5180308.407381975091994, -1017822.351158223114908 ], [ -5180438.255125810392201, -1017803.090064911753871 ], [ -5183411.552576503716409, -1016820.832828859449364 ], [ -5388127.968937414698303, -739002.688247995916754 ], [ -5351123.138273194432259, -624456.998991370666772 ] ] ], [ [ [ -4559099.292817294597626, -181865.094450366741512 ], [ -4654665.211011216975749, -404733.091766309458762 ], [ -4845826.402643783949316, -550563.334440247388557 ], [ -4849288.15519308205694, -813601.091196735389531 ], [ -4970368.522456343285739, -929889.288944150554016 ], [ -5011899.37835122551769, -871746.09069131501019 ], [ -4913178.897648071870208, -751744.802333042607643 ], [ -4940151.812688299454749, -688185.736667682067491 ], [ -5010521.815924099646509, -761955.690277144894935 ], [ -5200209.358592321164906, -689876.526434854487889 ], [ -5081919.929456246085465, -607577.281046813935973 ], [ -5081729.842730755917728, -607292.796158038894646 ], [ -4922895.978218201547861, -510007.836518976429943 ], [ -4945672.82830261439085, -408935.564269391819835 ], [ -5000948.74158835504204, -384156.706589577021077 ], [ -5091711.932021079584956, -323647.912967760348693 ], [ -5210402.257971566170454, -337611.480726641137153 ], [ -5322110.800042611546814, -337611.480726641137153 ], [ -5429164.819527364335954, -293393.516156852245331 ], [ -5436146.603406804613769, -221248.416069301776588 ], [ -5301165.44840429071337, -188666.757965246681124 ], [ -5184802.383746950887144, -193321.280551540199667 ], [ -5105675.499779960140586, -202630.325724127236754 ], [ -5019566.831933529116213, -204957.587017273996025 ], [ -4966039.822191152721643, -242193.767707622842863 ], [ -4905531.028569336049259, -330629.696847200626507 ], [ -4894994.063439550809562, -476183.149630038300529 ], [ -4838381.74649909697473, -460999.817140794184525 ], [ -4848253.599811775609851, -197915.458948415092891 ], [ -4837392.71402892190963, -186053.445698127208743 ], [ -4745404.154934336431324, -138762.479400838434231 ], [ -4774050.429197487421334, -133707.458044847182464 ], [ -4785933.187295549549162, -123586.713744767635944 ], [ -4864369.089792776852846, 32368.31371191825383 ], [ -4803071.155424159951508, 131879.561521737516159 ], [ -4772113.170070863328874, 131449.589502941729734 ], [ -4686160.45833454746753, 11978.916425970950513 ], [ -4559099.292817294597626, -181865.094450366741512 ] ] ], [ [ [ 2125671.910669779870659, -8373073.177720211446285 ], [ 1927515.727759163593873, -8283576.677125194109976 ], [ 2003068.767003076383844, -8139475.786574908532202 ], [ 2170788.225658717565238, -8267804.189539595507085 ], [ 2155024.386634069494903, -8326004.125621042214334 ], [ 2125671.910669779870659, -8373073.177720211446285 ] ] ], [ [ [ 4601712.699826710857451, -3332165.02309940662235 ], [ 4754639.253328159451485, -3444748.917485615238547 ], [ 4675262.839584733359516, -3715804.734628500416875 ], [ 4279487.391726191155612, -3797440.182583437301219 ], [ 4239826.295138940215111, -3542425.303918367717415 ], [ 4029875.809423231519759, -3574237.243551682680845 ], [ 3671229.021378565113991, -3456302.386049562133849 ], [ 3678545.026656987145543, -3177025.152761733159423 ], [ 3693260.725310453679413, -3027010.936687553301454 ], [ 3819970.218315998557955, -2888770.732881898060441 ], [ 3956522.628818438854069, -2975359.312896095681936 ], [ 3928432.047760792542249, -3208435.939695293083787 ], [ 4206371.806539223529398, -3193753.859576529357582 ], [ 4260276.017055937089026, -3235321.943306492641568 ], [ 4282724.280681080184877, -3173060.659170036669821 ], [ 4412002.143710200674832, -3156090.883514391258359 ], [ 4438784.100209704600275, -3344064.510525019839406 ], [ 4601712.699826710857451, -3332165.02309940662235 ] ] ], [ [ [ 4346839.133394192904234, -2476970.347286646720022 ], [ 4452402.53478738386184, -2485496.642314362339675 ], [ 4380738.803331937640905, -2607132.685235113836825 ], [ 4277669.143273010849953, -2561349.568065842147917 ], [ 4346839.133394192904234, -2476970.347286646720022 ] ] ], [ [ [ 6643381.90707363281399, -9503019.425550365820527 ], [ 6369776.486305516213179, -9442483.833084443584085 ], [ 6339766.784840348176658, -9333419.706114236265421 ], [ 6151268.3055529166013, -9208910.142999824136496 ], [ 6225848.810088416561484, -9146506.681930178776383 ], [ 6365879.565199330449104, -9200273.101363930851221 ], [ 6365893.719591698609293, -9200277.314199419692159 ], [ 6492401.0526512125507, -9236481.007240515202284 ], [ 6492937.483013316988945, -9347378.185630116611719 ], [ 6493002.694574459455907, -9347706.026286790147424 ], [ 6493210.22118566185236, -9347844.691135196015239 ], [ 6675162.28839835524559, -9430420.934060554951429 ], [ 6643381.90707363281399, -9503019.425550365820527 ] ] ], [ [ [ 5381097.209480592980981, -8744416.048876324668527 ], [ 5324514.978936544619501, -8584658.223373731598258 ], [ 5155653.199285000562668, -8701987.948277000337839 ], [ 5324514.978936543688178, -8584658.223373731598258 ], [ 5313821.883263609372079, -8446195.386411963030696 ], [ 5582857.44923915527761, -8262558.093418198637664 ], [ 5682150.67010192759335, -8365651.493846292607486 ], [ 5645977.452188592404127, -8599730.600666357204318 ], [ 5381097.209480592980981, -8744416.048876324668527 ] ] ], [ [ [ 5218972.549943839199841, -9099372.022024696692824 ], [ 5220529.730109582655132, -9100222.7237913236022 ], [ 5220726.09233280736953, -9100369.750317364931107 ], [ 5221009.450908883474767, -9100531.126517493277788 ], [ 5221190.703628382645547, -9100666.83977865613997 ], [ 5221190.703628381714225, -9100666.839778658002615 ], [ 5326488.520530302077532, -9241595.284450469538569 ], [ 5714103.375279970467091, -9354895.801370568573475 ], [ 5542818.788365100510418, -9450727.337518127635121 ], [ 5473688.716143295168877, -9434939.689700545743108 ], [ 5247047.306062029674649, -9362477.590542998164892 ], [ 5032784.508201813325286, -9036244.530683517456055 ], [ 5218972.549943839199841, -9099372.022024696692824 ] ] ] ] } }
]
}
